,open_time,close_time,open,high,low,close,volume,quote_asset_volume,number_of_trades,price
0,1712725200000,1712726099999,0.05085,0.05094,0.05083,0.05093,139.3887,7.09364533,475,0.05085
1,1712726100000,1712726999999,0.05093,0.05098,0.05084,0.05095,368.3763,18.75730513,1081,0.05093
2,1712727000000,1712727899999,0.05094,0.051,0.05093,0.05098,229.6231,11.70520577,719,0.05094
3,1712727900000,1712728799999,0.05098,0.05105,0.05097,0.05103,210.2314,10.72480732,878,0.05098
4,1712728800000,1712729699999,0.05102,0.05102,0.05098,0.05101,95.1916,4.85459829,270,0.05102
5,1712729700000,1712730599999,0.051,0.05116,0.05099,0.05115,245.1206,12.52293151,1188,0.051
6,1712730600000,1712731499999,0.05115,0.05117,0.05107,0.0511,363.2293,18.56644124,880,0.05115
7,1712731500000,1712732399999,0.0511,0.05111,0.05101,0.05101,87.3158,4.45769761,401,0.0511
8,1712732400000,1712733299999,0.05101,0.05107,0.05098,0.05107,195.8626,9.99402880,534,0.05101
9,1712733300000,1712734199999,0.05107,0.05107,0.05101,0.05103,133.4219,6.80951694,416,0.05107
10,1712734200000,1712735099999,0.05104,0.05106,0.05099,0.05102,100.3515,5.12028077,350,0.05104
11,1712735100000,1712735999999,0.05102,0.05108,0.05099,0.05102,166.6361,8.50455289,678,0.05102
12,1712736000000,1712736899999,0.05101,0.05102,0.05088,0.05092,321.5209,16.38041877,1263,0.05101
13,1712736900000,1712737799999,0.05092,0.05096,0.05089,0.05093,324.9358,16.54631898,864,0.05092
14,1712737800000,1712738699999,0.05092,0.05104,0.05091,0.05104,142.599,7.26998746,516,0.05092
15,1712738700000,1712739599999,0.05103,0.05105,0.05097,0.05098,368.4556,18.79373141,827,0.05103
16,1712739600000,1712740499999,0.05097,0.05098,0.05092,0.05095,174.1972,8.87560072,565,0.05097
17,1712740500000,1712741399999,0.05094,0.05101,0.05094,0.05096,207.3592,10.56932945,587,0.05094
18,1712741400000,1712742299999,0.05096,0.05103,0.05089,0.05101,237.102,12.08038099,985,0.05096
19,1712742300000,1712743199999,0.051,0.05116,0.05095,0.05109,248.5176,12.68848230,1774,0.051
20,1712743200000,1712744099999,0.05108,0.05118,0.05102,0.05104,446.5847,22.81436817,2321,0.05108
21,1712744100000,1712744999999,0.05104,0.05105,0.05086,0.05092,700.4785,35.68206010,3103,0.05104
22,1712745000000,1712745899999,0.05092,0.05102,0.05089,0.05101,125.5193,6.39361756,623,0.05092
23,1712745900000,1712746799999,0.05101,0.05111,0.05099,0.05106,264.1449,13.48444525,1171,0.05101
24,1712746800000,1712747699999,0.05107,0.05111,0.05099,0.05099,163.3875,8.33920736,709,0.05107
25,1712747700000,1712748599999,0.051,0.05103,0.05093,0.05096,193.6267,9.87317965,873,0.051
26,1712748600000,1712749499999,0.05097,0.05103,0.05095,0.051,214.9905,10.96048096,906,0.05097
27,1712749500000,1712750399999,0.05099,0.05102,0.05098,0.051,73.1924,3.73232210,233,0.05099
28,1712750400000,1712751299999,0.051,0.05102,0.05091,0.05093,207.4531,10.57125340,856,0.051
29,1712751300000,1712752199999,0.05092,0.051,0.05084,0.05099,466.6209,23.74664266,1883,0.05092
30,1712752200000,1712753099999,0.05097,0.05108,0.05053,0.05066,3039.1911,154.30717951,9511,0.05097
31,1712753100000,1712753999999,0.05066,0.05069,0.05059,0.0506,802.6887,40.64978280,2028,0.05066
32,1712754000000,1712754899999,0.0506,0.05061,0.05039,0.05057,1648.2013,83.21652602,3782,0.0506
33,1712754900000,1712755799999,0.05058,0.05073,0.05057,0.05071,440.5333,22.32116123,1434,0.05058
34,1712755800000,1712756699999,0.05072,0.05084,0.05071,0.05081,273.9666,13.91065157,1462,0.05072
35,1712756700000,1712757599999,0.05081,0.05082,0.0507,0.05071,340.1578,17.26419953,1585,0.05081
36,1712757600000,1712758499999,0.05072,0.05074,0.05065,0.05065,263.9857,13.38373891,1277,0.05072
37,1712758500000,1712759399999,0.05065,0.05068,0.05059,0.05065,539.3135,27.30625071,2096,0.05065
38,1712759400000,1712760299999,0.05066,0.05082,0.05064,0.05082,468.0191,23.72837075,1880,0.05066
39,1712760300000,1712761199999,0.05081,0.05081,0.05072,0.05076,270.8991,13.75072193,977,0.05081
40,1712761200000,1712762099999,0.05075,0.05075,0.05067,0.0507,231.9867,11.76393011,963,0.05075
41,1712762100000,1712762999999,0.05071,0.05077,0.05069,0.05073,253.0102,12.83377894,810,0.05071
42,1712763000000,1712763899999,0.05073,0.05078,0.05067,0.05067,279.9287,14.20193182,810,0.05073
43,1712763900000,1712764799999,0.05067,0.0507,0.05066,0.05069,414.1638,20.99278396,711,0.05067
44,1712764800000,1712765699999,0.05068,0.05068,0.05058,0.05062,619.258,31.35102496,1258,0.05068
45,1712765700000,1712766599999,0.05061,0.05062,0.05056,0.05056,294.4284,14.89501309,934,0.05061
46,1712766600000,1712767499999,0.05056,0.05067,0.05054,0.05065,250.8441,12.70135418,1125,0.05056
47,1712767500000,1712768399999,0.05066,0.0508,0.05063,0.05075,348.5522,17.67614104,1852,0.05066
48,1712768400000,1712769299999,0.05075,0.05083,0.05073,0.05076,269.5604,13.68443780,1048,0.05075
49,1712769300000,1712770199999,0.05075,0.05084,0.05067,0.05073,618.3842,31.39608771,2973,0.05075
50,1712770200000,1712771099999,0.05073,0.05079,0.05072,0.05077,201.0841,10.20787683,643,0.05073
51,1712771100000,1712771999999,0.05077,0.05081,0.05072,0.05073,150.6086,7.64419654,540,0.05077
52,1712772000000,1712772899999,0.05072,0.05074,0.05061,0.05061,323.321,16.38541333,1056,0.05072
53,1712772900000,1712773799999,0.05061,0.05063,0.05047,0.05048,288.2764,14.56892089,1308,0.05061
54,1712773800000,1712774699999,0.05047,0.05051,0.05036,0.05051,565.6778,28.53231517,1851,0.05047
55,1712774700000,1712775599999,0.0505,0.05051,0.05041,0.05042,672.1679,33.92105260,1173,0.0505
56,1712775600000,1712776499999,0.05042,0.05043,0.05039,0.05042,131.0146,6.60423406,382,0.05042
57,1712776500000,1712777399999,0.05042,0.05045,0.05039,0.05041,293.0794,14.77770468,568,0.05042
58,1712777400000,1712778299999,0.05041,0.05042,0.05034,0.05037,194.6537,9.80591833,764,0.05041
59,1712778300000,1712779199999,0.05036,0.0504,0.05025,0.05026,523.7564,26.35480739,1833,0.05036
60,1712779200000,1712780099999,0.05026,0.05038,0.05026,0.05029,266.2524,13.39805858,751,0.05026
61,1712780100000,1712780999999,0.05028,0.05036,0.05026,0.05032,197.9225,9.95685895,574,0.05028
62,1712781000000,1712781899999,0.05032,0.05033,0.0503,0.05032,205.1574,10.32208946,400,0.05032
63,1712781900000,1712782799999,0.05031,0.05035,0.0503,0.05035,68.7319,3.45944728,276,0.05031
64,1712782800000,1712783699999,0.05034,0.05035,0.05023,0.05023,246.8715,12.41084089,724,0.05034
65,1712783700000,1712784599999,0.05024,0.05031,0.0502,0.0503,485.5598,24.39229089,974,0.05024
66,1712784600000,1712785499999,0.05031,0.05031,0.0502,0.05024,230.7611,11.59590092,589,0.05031
67,1712785500000,1712786399999,0.05024,0.05025,0.05013,0.05018,342.3081,17.17414674,956,0.05024
68,1712786400000,1712787299999,0.05018,0.05021,0.05012,0.05014,1007.6881,50.53593953,1857,0.05018
69,1712787300000,1712788199999,0.05014,0.0502,0.05006,0.0501,848.6273,42.53707906,2093,0.05014
70,1712788200000,1712789099999,0.05009,0.05012,0.04998,0.05011,991.9253,49.63185572,2353,0.05009
71,1712789100000,1712789999999,0.0501,0.05019,0.05009,0.05017,342.6695,17.18310985,764,0.0501
72,1712790000000,1712790899999,0.05016,0.05018,0.0501,0.05011,302.4687,15.16304841,547,0.05016
73,1712790900000,1712791799999,0.05011,0.05021,0.05008,0.05021,163.9533,8.21858826,494,0.05011
74,1712791800000,1712792699999,0.05022,0.05022,0.05015,0.05017,99.9161,5.01315460,317,0.05022
75,1712792700000,1712793599999,0.05017,0.05022,0.05015,0.05019,322.23,16.16965318,509,0.05017
76,1712793600000,1712794499999,0.0502,0.0502,0.05012,0.05015,1023.1412,51.34330653,1869,0.0502
77,1712794500000,1712795399999,0.05015,0.05019,0.05014,0.05018,203.1089,10.18898238,470,0.05015
78,1712795400000,1712796299999,0.05018,0.05024,0.05018,0.05021,90.1866,4.52885303,477,0.05018
79,1712796300000,1712797199999,0.05021,0.05021,0.05011,0.05011,78.9308,3.95898316,344,0.05021
80,1712797200000,1712798099999,0.05012,0.05015,0.05004,0.05007,227.7129,11.41056899,635,0.05012
81,1712798100000,1712798999999,0.05006,0.05009,0.05004,0.05005,121.2991,6.07287565,368,0.05006
82,1712799000000,1712799899999,0.05005,0.05009,0.05001,0.05007,194.4375,9.73206280,469,0.05005
83,1712799900000,1712800799999,0.05006,0.05007,0.05001,0.05004,296.2742,14.82161575,587,0.05006
84,1712800800000,1712801699999,0.05003,0.05005,0.04996,0.05005,227.863,11.39464294,801,0.05003
85,1712801700000,1712802599999,0.05005,0.05016,0.05004,0.05013,297.4711,14.90271910,720,0.05005
86,1712802600000,1712803499999,0.05012,0.05026,0.05012,0.05021,268.5531,13.48127959,859,0.05012
87,1712803500000,1712804399999,0.05022,0.05034,0.05022,0.05025,404.4147,20.33818806,1349,0.05022
88,1712804400000,1712805299999,0.05025,0.05032,0.05021,0.05024,272.5053,13.69213944,881,0.05025
89,1712805300000,1712806199999,0.05024,0.05025,0.05021,0.05022,110.5665,5.55338451,355,0.05024
90,1712806200000,1712807099999,0.05022,0.05036,0.05022,0.05036,131.9706,6.63724473,552,0.05022
91,1712807100000,1712807999999,0.05036,0.05047,0.05033,0.05047,223.5287,11.26642230,858,0.05036
92,1712808000000,1712808899999,0.05047,0.05052,0.05046,0.05051,272.3269,13.74848275,1107,0.05047
93,1712808900000,1712809799999,0.05051,0.05053,0.05046,0.0505,136.4001,6.88764396,491,0.05051
94,1712809800000,1712810699999,0.05049,0.05054,0.05046,0.05047,176.5977,8.91623987,536,0.05049
95,1712810700000,1712811599999,0.05047,0.05049,0.05043,0.05043,105.3017,5.31362965,268,0.05047
96,1712811600000,1712812499999,0.05044,0.05051,0.05042,0.0505,85.0271,4.29101680,281,0.05044
97,1712812500000,1712813399999,0.05049,0.05055,0.05043,0.05045,295.2632,14.90150884,631,0.05049
98,1712813400000,1712814299999,0.05045,0.05053,0.05044,0.05048,262.1787,13.23313761,576,0.05045
99,1712814300000,1712815199999,0.05048,0.05053,0.05048,0.05049,92.4342,4.66808032,324,0.05048
100,1712815200000,1712816099999,0.05049,0.05051,0.0504,0.05043,258.1615,13.02237394,708,0.05049
101,1712816100000,1712816999999,0.05043,0.05044,0.05041,0.05043,155.2296,7.82706807,358,0.05043
102,1712817000000,1712817899999,0.05044,0.05059,0.05044,0.05058,261.7146,13.22067434,995,0.05044
103,1712817900000,1712818799999,0.05057,0.05068,0.05056,0.05057,462.778,23.42345018,1510,0.05057
104,1712818800000,1712819699999,0.05057,0.05066,0.05049,0.0505,171.1298,8.65683702,745,0.05057
105,1712819700000,1712820599999,0.05051,0.05067,0.05047,0.05067,279.0326,14.10867871,1125,0.05051
106,1712820600000,1712821499999,0.05067,0.05072,0.05057,0.05057,338.862,17.16210642,1096,0.05067
107,1712821500000,1712822399999,0.05058,0.05066,0.05055,0.05066,159.8213,8.08656818,513,0.05058
108,1712822400000,1712823299999,0.05066,0.0507,0.05065,0.05068,155.2094,7.86503335,457,0.05066
109,1712823300000,1712824199999,0.05069,0.0508,0.05068,0.05078,433.7631,22.01765869,1130,0.05069
110,1712824200000,1712825099999,0.05079,0.05084,0.0507,0.05071,551.3415,27.99871106,1320,0.05079
111,1712825100000,1712825999999,0.05071,0.05081,0.05069,0.05079,364.808,18.51541973,710,0.05071
112,1712826000000,1712826899999,0.05078,0.05079,0.05072,0.05074,192.1981,9.75519375,433,0.05078
113,1712826900000,1712827799999,0.05074,0.05074,0.05067,0.05069,110.6636,5.61038398,448,0.05074
114,1712827800000,1712828699999,0.05069,0.05072,0.05064,0.05065,240.2631,12.17548702,686,0.05069
115,1712828700000,1712829599999,0.05065,0.0507,0.05063,0.05068,180.2039,9.13071435,644,0.05065
116,1712829600000,1712830499999,0.05069,0.05069,0.05056,0.05056,160.5096,8.12850737,751,0.05069
117,1712830500000,1712831399999,0.05056,0.05056,0.05049,0.05052,191.3073,9.66614950,783,0.05056
118,1712831400000,1712832299999,0.05053,0.05056,0.05045,0.05051,237.1028,11.97434344,1003,0.05053
119,1712832300000,1712833199999,0.05051,0.05057,0.0505,0.05056,138.4865,6.99891453,451,0.05051
120,1712833200000,1712834099999,0.05056,0.05059,0.05051,0.05052,225.3612,11.39276234,648,0.05056
121,1712834100000,1712834999999,0.05052,0.05052,0.05044,0.05046,233.9792,11.80808616,603,0.05052
122,1712835000000,1712835899999,0.05045,0.05047,0.05039,0.05043,395.3949,19.94046191,1216,0.05045
123,1712835900000,1712836799999,0.05042,0.05045,0.05028,0.05033,259.9646,13.08539782,1680,0.05042
124,1712836800000,1712837699999,0.05033,0.0504,0.05028,0.05037,243.134,12.24109856,871,0.05033
125,1712837700000,1712838599999,0.05036,0.0504,0.05033,0.05037,122.6987,6.17976609,599,0.05036
126,1712838600000,1712839499999,0.05038,0.05041,0.05027,0.05033,532.0911,26.78714010,2058,0.05038
127,1712839500000,1712840399999,0.05033,0.05033,0.05017,0.05022,328.7634,16.51866227,1557,0.05033
128,1712840400000,1712841299999,0.05021,0.05027,0.05018,0.05027,121.6743,6.11067142,550,0.05021
129,1712841300000,1712842199999,0.05028,0.05031,0.05025,0.05029,286.1103,14.38747082,677,0.05028
130,1712842200000,1712843099999,0.05029,0.05034,0.05013,0.05021,974.5708,48.94839015,3136,0.05029
131,1712843100000,1712843999999,0.05021,0.05026,0.05009,0.05016,469.0907,23.53034350,1756,0.05021
132,1712844000000,1712844899999,0.05017,0.05025,0.05011,0.05019,423.5669,21.24869056,1231,0.05017
133,1712844900000,1712845799999,0.0502,0.05025,0.05008,0.05009,518.4374,25.99578934,1486,0.0502
134,1712845800000,1712846699999,0.05008,0.05014,0.05006,0.05008,178.0511,8.92079819,660,0.05008
135,1712846700000,1712847599999,0.05008,0.05022,0.05008,0.05021,231.949,11.63115901,816,0.05008
136,1712847600000,1712848499999,0.0502,0.05028,0.05019,0.05019,172.4964,8.66761627,785,0.0502
137,1712848500000,1712849399999,0.05019,0.05023,0.05017,0.05017,186.3892,9.35765825,567,0.05019
138,1712849400000,1712850299999,0.05017,0.05018,0.0501,0.05012,220.2126,11.03877142,857,0.05017
139,1712850300000,1712851199999,0.05011,0.05071,0.05003,0.05012,1673.6683,84.10220669,5355,0.05011
140,1712851200000,1712852099999,0.05012,0.05021,0.05008,0.05016,371.1961,18.61572228,1212,0.05012
141,1712852100000,1712852999999,0.05016,0.05017,0.05004,0.05006,310.9156,15.57745976,922,0.05016
142,1712853000000,1712853899999,0.05006,0.05013,0.04994,0.05008,726.5635,36.35162966,2194,0.05006
143,1712853900000,1712854799999,0.05008,0.05008,0.05,0.05004,272.68,13.64268363,863,0.05008
144,1712854800000,1712855699999,0.05005,0.05011,0.04997,0.05003,249.1124,12.46121012,966,0.05005
145,1712855700000,1712856599999,0.05003,0.05005,0.04995,0.04997,451.0213,22.54898749,901,0.05003
146,1712856600000,1712857499999,0.04997,0.05003,0.04993,0.05003,334.8404,16.73249360,767,0.04997
147,1712857500000,1712858399999,0.05002,0.05004,0.04997,0.05002,113.4986,5.67609057,508,0.05002
148,1712858400000,1712859299999,0.05002,0.05002,0.04994,0.04995,103.9254,5.19303057,780,0.05002
149,1712859300000,1712860199999,0.04995,0.04999,0.04995,0.04998,70.5492,3.52469073,505,0.04995
150,1712860200000,1712861099999,0.04998,0.05004,0.04995,0.05001,149.2346,7.46205332,635,0.04998
151,1712861100000,1712861999999,0.05,0.05,0.04995,0.05,104.2331,5.20958975,698,0.05
152,1712862000000,1712862899999,0.05,0.05,0.04995,0.04995,120.9997,6.04591607,434,0.05
153,1712862900000,1712863799999,0.04996,0.04999,0.04993,0.04995,257.5835,12.86798084,764,0.04996
154,1712863800000,1712864699999,0.04995,0.04995,0.04987,0.04989,180.0723,8.98780672,2150,0.04995
155,1712864700000,1712865599999,0.04989,0.04996,0.04988,0.04993,152.5484,7.61565899,599,0.04989
156,1712865600000,1712866499999,0.04993,0.04993,0.04987,0.0499,159.6819,7.96769984,501,0.04993
157,1712866500000,1712867399999,0.0499,0.04994,0.04984,0.04984,331.4966,16.53982026,1044,0.0499
158,1712867400000,1712868299999,0.04985,0.04991,0.04984,0.0499,162.7699,8.11899335,741,0.04985
159,1712868300000,1712869199999,0.0499,0.04999,0.04985,0.04999,289.7293,14.45564557,678,0.0499
160,1712869200000,1712870099999,0.04998,0.04999,0.04994,0.04999,108.6707,5.43031873,345,0.04998
161,1712870100000,1712870999999,0.04999,0.04999,0.04989,0.0499,289.1945,14.44269662,772,0.04999
162,1712871000000,1712871899999,0.0499,0.04994,0.04986,0.04992,162.5815,8.11462975,752,0.0499
163,1712871900000,1712872799999,0.04992,0.04993,0.04986,0.04992,123.6234,6.16713882,492,0.04992
164,1712872800000,1712873699999,0.04993,0.05,0.04992,0.04998,113.4126,5.66510846,561,0.04993
165,1712873700000,1712874599999,0.04998,0.05002,0.04995,0.04997,69.4056,3.46870370,334,0.04998
166,1712874600000,1712875499999,0.04998,0.04998,0.0499,0.04997,139.4729,6.96591182,442,0.04998
167,1712875500000,1712876399999,0.04996,0.05001,0.04993,0.04997,207.3271,10.36001829,518,0.04996
168,1712876400000,1712877299999,0.04998,0.05004,0.04996,0.05001,76.7206,3.83593100,368,0.04998
169,1712877300000,1712878199999,0.05002,0.05009,0.04997,0.05,482.4635,24.13319246,1162,0.05002
170,1712878200000,1712879099999,0.05,0.05005,0.05,0.05004,61.1841,3.06052570,225,0.05
171,1712879100000,1712879999999,0.05004,0.05006,0.05003,0.05004,44.5873,2.23150676,187,0.05004
172,1712880000000,1712880899999,0.05004,0.05004,0.04995,0.05001,271.8061,13.59006981,857,0.05004
173,1712880900000,1712881799999,0.05001,0.05008,0.04997,0.05008,219.0548,10.95548276,700,0.05001
174,1712881800000,1712882699999,0.05008,0.05013,0.05007,0.05013,129.6275,6.49397592,454,0.05008
175,1712882700000,1712883599999,0.05012,0.05014,0.05007,0.05013,97.0753,4.86484026,372,0.05012
176,1712883600000,1712884499999,0.05013,0.05014,0.05004,0.0501,186.289,9.33203847,666,0.05013
177,1712884500000,1712885399999,0.05011,0.05011,0.05,0.05003,150.196,7.51613432,643,0.05011
178,1712885400000,1712886299999,0.05003,0.05003,0.05,0.05,123.4058,6.17168707,414,0.05003
179,1712886300000,1712887199999,0.05001,0.05002,0.04993,0.04993,273.6335,13.67771019,618,0.05001
180,1712887200000,1712888099999,0.04994,0.04995,0.04987,0.04993,258.1855,12.88586228,919,0.04994
181,1712888100000,1712888999999,0.04994,0.04995,0.04982,0.04989,466.6826,23.28447211,1215,0.04994
182,1712889000000,1712889899999,0.04989,0.04992,0.04979,0.04985,669.6481,33.37132708,820,0.04989
183,1712889900000,1712890799999,0.04984,0.04987,0.0498,0.04983,228.7417,11.39889227,668,0.04984
184,1712890800000,1712891699999,0.04983,0.04985,0.0498,0.04982,277.0508,13.80238706,438,0.04983
185,1712891700000,1712892599999,0.04982,0.04988,0.04981,0.04985,322.9375,16.09433899,997,0.04982
186,1712892600000,1712893499999,0.04984,0.04988,0.04979,0.04985,159.4244,7.94569432,471,0.04984
187,1712893500000,1712894399999,0.04985,0.04985,0.04978,0.04979,86.1973,4.29384531,336,0.04985
188,1712894400000,1712895299999,0.04979,0.04986,0.04978,0.04985,160.0582,7.97295555,389,0.04979
189,1712895300000,1712896199999,0.04986,0.04994,0.04985,0.04994,85.5928,4.27111200,315,0.04986
190,1712896200000,1712897099999,0.04994,0.04999,0.04988,0.0499,148.2332,7.40251864,503,0.04994
191,1712897100000,1712897999999,0.0499,0.04996,0.04986,0.04989,295.6323,14.75308843,830,0.0499
192,1712898000000,1712898899999,0.04989,0.04996,0.04986,0.04992,137.0601,6.83930184,563,0.04989
193,1712898900000,1712899799999,0.04991,0.04997,0.0499,0.04991,172.6606,8.61891241,365,0.04991
194,1712899800000,1712900699999,0.04991,0.04996,0.04991,0.04993,155.9265,7.78676662,482,0.04991
195,1712900700000,1712901599999,0.04992,0.04994,0.04987,0.04991,375.648,18.74765840,778,0.04992
196,1712901600000,1712902499999,0.04992,0.04992,0.04985,0.04988,85.3745,4.25814325,285,0.04992
197,1712902500000,1712903399999,0.04989,0.04989,0.04983,0.04988,73.5992,3.66980568,236,0.04989
198,1712903400000,1712904299999,0.04988,0.04989,0.0498,0.04984,158.2139,7.88737795,513,0.04988
199,1712904300000,1712905199999,0.04984,0.04987,0.04983,0.04987,119.5863,5.96131057,299,0.04984
200,1712905200000,1712906099999,0.04986,0.04992,0.04984,0.04991,136.5269,6.80949577,610,0.04986
201,1712906100000,1712906999999,0.04991,0.04991,0.04985,0.04987,113.6909,5.66976312,351,0.04991
202,1712907000000,1712907899999,0.04987,0.04988,0.04971,0.04976,368.1028,18.32822568,1324,0.04987
203,1712907900000,1712908799999,0.04976,0.04976,0.04969,0.0497,333.5445,16.58574434,574,0.04976
204,1712908800000,1712909699999,0.0497,0.04975,0.04966,0.04975,194.3036,9.65809702,611,0.0497
205,1712909700000,1712910599999,0.04975,0.04982,0.04974,0.04977,331.8905,16.51927768,718,0.04975
206,1712910600000,1712911499999,0.04977,0.04979,0.04975,0.04976,80.739,4.01819236,280,0.04977
207,1712911500000,1712912399999,0.04976,0.04981,0.04976,0.04981,82.0178,4.08269981,230,0.04976
208,1712912400000,1712913299999,0.04981,0.04987,0.04975,0.04984,249.1504,12.40891207,973,0.04981
209,1712913300000,1712914199999,0.04983,0.04984,0.04979,0.04982,125.6,6.25689190,329,0.04983
210,1712914200000,1712915099999,0.04981,0.04981,0.04968,0.04974,443.2049,22.04687944,950,0.04981
211,1712915100000,1712915999999,0.04974,0.04979,0.04973,0.04975,219.266,10.91084465,530,0.04974
212,1712916000000,1712916899999,0.04976,0.04977,0.0497,0.04973,110.0236,5.47083195,459,0.04976
213,1712916900000,1712917799999,0.04973,0.04976,0.0497,0.0497,89.1134,4.43167124,431,0.04973
214,1712917800000,1712918699999,0.0497,0.04974,0.04967,0.04971,216.6169,10.76507129,498,0.0497
215,1712918700000,1712919599999,0.0497,0.04989,0.04969,0.04988,252.0137,12.55241329,1017,0.0497
216,1712919600000,1712920499999,0.04988,0.04997,0.04985,0.04992,406.9674,20.31331466,1496,0.04988
217,1712920500000,1712921399999,0.04991,0.04997,0.0499,0.04993,239.7411,11.97196640,1018,0.04991
218,1712921400000,1712922299999,0.04993,0.04995,0.04987,0.04988,137.0038,6.83694292,841,0.04993
219,1712922300000,1712923199999,0.04988,0.04991,0.04981,0.04982,229.946,11.46618608,1342,0.04988
220,1712923200000,1712924099999,0.04982,0.04982,0.04974,0.04976,300.4681,14.95017256,628,0.04982
221,1712924100000,1712924999999,0.04975,0.04976,0.04968,0.04968,190.8753,9.49264182,720,0.04975
222,1712925000000,1712925899999,0.04968,0.0497,0.04954,0.04962,1317.0897,65.32068025,2591,0.04968
223,1712925900000,1712926799999,0.04962,0.04966,0.04957,0.04958,248.8805,12.35070818,807,0.04962
224,1712926800000,1712927699999,0.04959,0.04968,0.04952,0.04966,478.3422,23.71327807,1387,0.04959
225,1712927700000,1712928599999,0.04965,0.04965,0.04954,0.04959,878.5478,43.57037302,1283,0.04965
226,1712928600000,1712929499999,0.04958,0.04963,0.04948,0.04951,402.1694,19.92731048,1436,0.04958
227,1712929500000,1712930399999,0.04951,0.04961,0.04951,0.04956,344.3782,17.06696693,1172,0.04951
228,1712930400000,1712931299999,0.04956,0.04966,0.04953,0.04965,181.5259,9.00042756,681,0.04956
229,1712931300000,1712932199999,0.04964,0.04971,0.04962,0.04967,189.5519,9.41369261,710,0.04964
230,1712932200000,1712933099999,0.04968,0.04973,0.04964,0.04972,147.0619,7.30528532,607,0.04968
231,1712933100000,1712933999999,0.04972,0.04974,0.04966,0.04968,299.3898,14.87780286,1102,0.04972
232,1712934000000,1712934899999,0.04969,0.04972,0.04959,0.04963,226.083,11.22651935,1326,0.04969
233,1712934900000,1712935799999,0.04963,0.04968,0.04958,0.04959,156.3434,7.75763897,882,0.04963
234,1712935800000,1712936699999,0.0496,0.04963,0.04957,0.04963,193.5121,9.59647167,583,0.0496
235,1712936700000,1712937599999,0.04962,0.04964,0.04959,0.04961,74.3412,3.68898375,557,0.04962
236,1712937600000,1712938499999,0.04962,0.04964,0.04953,0.04958,471.4205,23.37141957,1699,0.04962
237,1712938500000,1712939399999,0.04958,0.04976,0.04958,0.04973,391.9754,19.46050976,1758,0.04958
238,1712939400000,1712940299999,0.04973,0.0499,0.04972,0.04981,434.4689,21.65282552,1816,0.04973
239,1712940300000,1712941199999,0.04982,0.04988,0.04972,0.04973,195.2762,9.72557828,853,0.04982
240,1712941200000,1712942099999,0.04974,0.04989,0.04969,0.04984,336.9713,16.77601080,1312,0.04974
241,1712942100000,1712942999999,0.04983,0.04983,0.04888,0.04892,3798.3992,187.19772621,10165,0.04983
242,1712943000000,1712943899999,0.04891,0.04916,0.04886,0.04902,2131.7167,104.46765523,6942,0.04891
243,1712943900000,1712944799999,0.04901,0.04901,0.04881,0.04881,984.1408,48.11988851,3892,0.04901
244,1712944800000,1712945699999,0.0488,0.04899,0.04872,0.04898,565.565,27.61911890,2369,0.0488
245,1712945700000,1712946599999,0.04898,0.04898,0.04864,0.04885,1569.606,76.55792863,4614,0.04898
246,1712946600000,1712947499999,0.04886,0.0489,0.04738,0.04848,10547.3646,508.12040672,25846,0.04886
247,1712947500000,1712948399999,0.04849,0.04864,0.04811,0.04828,7194.5297,347.91029824,16314,0.04849
248,1712948400000,1712949299999,0.04828,0.04847,0.04814,0.04835,2293.0257,110.69898618,5283,0.04828
249,1712949300000,1712950199999,0.04835,0.04839,0.04821,0.04827,984.5978,47.54728940,2461,0.04835
250,1712950200000,1712951099999,0.04827,0.04828,0.048,0.04801,1071.4416,51.57122476,2975,0.04827
251,1712951100000,1712951999999,0.04802,0.04806,0.04786,0.04797,986.9352,47.32591592,2070,0.04802
252,1712952000000,1712952899999,0.04797,0.04834,0.04796,0.04827,1170.3828,56.38620216,2574,0.04797
253,1712952900000,1712953799999,0.04827,0.04833,0.04817,0.04819,1084.1736,52.31473988,1976,0.04827
254,1712953800000,1712954699999,0.04819,0.04822,0.0481,0.04812,514.2874,24.75538728,1078,0.04819
255,1712954700000,1712955599999,0.04811,0.0482,0.04806,0.04806,573.4473,27.59363261,1167,0.04811
256,1712955600000,1712956499999,0.04807,0.04816,0.04799,0.04809,656.2349,31.55228449,1227,0.04807
257,1712956500000,1712957399999,0.04809,0.0482,0.04806,0.04815,451.6932,21.74240810,1088,0.04809
258,1712957400000,1712958299999,0.04815,0.04821,0.04807,0.04814,684.112,32.93317623,1485,0.04815
259,1712958300000,1712959199999,0.04814,0.04819,0.04804,0.04808,311.9687,15.00651446,857,0.04814
260,1712959200000,1712960099999,0.04808,0.04808,0.04794,0.04798,517.4122,24.83988927,1094,0.04808
261,1712960100000,1712960999999,0.04797,0.04807,0.04794,0.04803,571.5724,27.42272985,1057,0.04797
262,1712961000000,1712961899999,0.04804,0.04806,0.04796,0.048,458.1224,21.99303626,717,0.04804
263,1712961900000,1712962799999,0.04799,0.04802,0.04796,0.048,267.9941,12.86247727,578,0.04799
264,1712962800000,1712963699999,0.048,0.04811,0.04797,0.04811,273.8135,13.14887045,645,0.048
265,1712963700000,1712964599999,0.04811,0.04819,0.04808,0.04816,242.2113,11.65621365,783,0.04811
266,1712964600000,1712965499999,0.04815,0.04832,0.04814,0.0483,306.6827,14.78664216,1087,0.04815
267,1712965500000,1712966399999,0.0483,0.04835,0.04824,0.04824,206.6699,9.97806739,700,0.0483
268,1712966400000,1712967299999,0.04824,0.04824,0.04809,0.04816,504.5707,24.28742787,881,0.04824
269,1712967300000,1712968199999,0.04817,0.04825,0.04816,0.04824,148.7644,7.17115335,492,0.04817
270,1712968200000,1712969099999,0.04823,0.04825,0.04816,0.04823,289.7536,13.96717100,721,0.04823
271,1712969100000,1712969999999,0.04823,0.0484,0.04822,0.04831,1687.4344,81.52337646,2668,0.04823
272,1712970000000,1712970899999,0.04832,0.04838,0.0482,0.04835,1877.9451,90.68177326,3228,0.04832
273,1712970900000,1712971799999,0.04836,0.04837,0.04815,0.04815,479.7245,23.13360404,1220,0.04836
274,1712971800000,1712972699999,0.04816,0.04816,0.04792,0.04805,1342.1749,64.49740839,2968,0.04816
275,1712972700000,1712973599999,0.04805,0.04805,0.04777,0.04796,1065.5277,51.06116102,3034,0.04805
276,1712973600000,1712974499999,0.04796,0.04809,0.04787,0.04796,686.7073,32.96120255,1402,0.04796
277,1712974500000,1712975399999,0.04796,0.04811,0.0478,0.0481,1000.2347,47.95594149,1965,0.04796
278,1712975400000,1712976299999,0.0481,0.04827,0.04805,0.04826,290.4928,13.98833240,1001,0.0481
279,1712976300000,1712977199999,0.04826,0.04832,0.04823,0.04829,934.8557,45.13505589,1591,0.04826
280,1712977200000,1712978099999,0.04829,0.04829,0.04815,0.04815,460.5954,22.20615812,1001,0.04829
281,1712978100000,1712978999999,0.04816,0.04821,0.04811,0.04813,248.7875,11.97877176,639,0.04816
282,1712979000000,1712979899999,0.04813,0.04818,0.0481,0.0481,440.9018,21.22514501,988,0.04813
283,1712979900000,1712980799999,0.04811,0.04815,0.04807,0.04812,415.4862,19.98774719,934,0.04811
284,1712980800000,1712981699999,0.04812,0.04813,0.04804,0.04807,372.2045,17.89937626,887,0.04812
285,1712981700000,1712982599999,0.04808,0.04808,0.04798,0.04803,320.6089,15.40083999,867,0.04808
286,1712982600000,1712983499999,0.04804,0.04807,0.04795,0.04801,465.9635,22.37282836,1146,0.04804
287,1712983500000,1712984399999,0.04801,0.04823,0.04798,0.04817,644.5841,30.99799632,1566,0.04801
288,1712984400000,1712985299999,0.04818,0.04819,0.04802,0.04805,411.2257,19.77196311,903,0.04818
289,1712985300000,1712986199999,0.04805,0.04819,0.04803,0.04817,131.7881,6.34324001,411,0.04805
290,1712986200000,1712987099999,0.04818,0.04825,0.04816,0.04818,259.3561,12.50063240,653,0.04818
291,1712987100000,1712987999999,0.04817,0.04825,0.04817,0.04824,152.836,7.36689190,438,0.04817
292,1712988000000,1712988899999,0.04824,0.04826,0.04819,0.04823,151.4258,7.30309399,527,0.04824
293,1712988900000,1712989799999,0.04823,0.04836,0.04823,0.04836,303.468,14.65049848,928,0.04823
294,1712989800000,1712990699999,0.04836,0.04843,0.04832,0.04839,178.882,8.65345921,873,0.04836
295,1712990700000,1712991599999,0.04839,0.04841,0.04834,0.04839,90.3581,4.37168160,405,0.04839
296,1712991600000,1712992499999,0.0484,0.04843,0.04833,0.04834,274.8091,13.29370610,787,0.0484
297,1712992500000,1712993399999,0.04835,0.04843,0.04833,0.04833,198.5248,9.60510391,769,0.04835
298,1712993400000,1712994299999,0.04833,0.04837,0.04831,0.04834,253.589,12.25521681,534,0.04833
299,1712994300000,1712995199999,0.04833,0.04834,0.0483,0.0483,190.8598,9.22185141,407,0.04833
300,1712995200000,1712996099999,0.0483,0.04837,0.0483,0.04835,109.8955,5.31309299,403,0.0483
301,1712996100000,1712996999999,0.04835,0.04842,0.04834,0.04842,149.6518,7.24252979,492,0.04835
302,1712997000000,1712997899999,0.04842,0.04844,0.04837,0.04838,355.0953,17.18934703,626,0.04842
303,1712997900000,1712998799999,0.04838,0.04842,0.04836,0.04841,224.3062,10.85419306,527,0.04838
304,1712998800000,1712999699999,0.0484,0.04848,0.04838,0.04845,269.9724,13.07494464,781,0.0484
305,1712999700000,1713000599999,0.04845,0.0485,0.04841,0.04848,330.3572,16.00441188,792,0.04845
306,1713000600000,1713001499999,0.04849,0.04849,0.04841,0.04842,347.3705,16.83116594,672,0.04849
307,1713001500000,1713002399999,0.04843,0.04848,0.0484,0.04846,182.6985,8.84904098,586,0.04843
308,1713002400000,1713003299999,0.04846,0.04852,0.04845,0.04848,195.9473,9.49867500,640,0.04846
309,1713003300000,1713004199999,0.04848,0.04849,0.04842,0.04842,106.0136,5.13675345,524,0.04848
310,1713004200000,1713005099999,0.04842,0.04848,0.04842,0.04847,138.4302,6.70714181,424,0.04842
311,1713005100000,1713005999999,0.04846,0.04864,0.04844,0.04858,496.7553,24.11004744,1789,0.04846
312,1713006000000,1713006899999,0.04859,0.0487,0.04859,0.0486,629.6148,30.63065502,2133,0.04859
313,1713006900000,1713007799999,0.04861,0.04865,0.04856,0.04859,353.1835,17.17226635,940,0.04861
314,1713007800000,1713008699999,0.04858,0.04861,0.04856,0.04858,228.1247,11.08251128,553,0.04858
315,1713008700000,1713009599999,0.04857,0.04857,0.0485,0.04853,246.6647,11.97097178,653,0.04857
316,1713009600000,1713010499999,0.04853,0.04857,0.04847,0.04854,159.8857,7.75699018,932,0.04853
317,1713010500000,1713011399999,0.04854,0.04858,0.0485,0.04853,220.9311,10.72604802,1147,0.04854
318,1713011400000,1713012299999,0.04853,0.04861,0.04851,0.0486,205.5675,9.98224679,661,0.04853
319,1713012300000,1713013199999,0.04859,0.04861,0.04856,0.04856,96.3104,4.67863485,389,0.04859
320,1713013200000,1713014099999,0.04855,0.04857,0.04852,0.04855,66.9058,3.24789921,371,0.04855
321,1713014100000,1713014999999,0.04854,0.04856,0.04849,0.04849,240.8224,11.68424633,967,0.04854
322,1713015000000,1713015899999,0.04848,0.04848,0.04837,0.04839,315.2913,15.26722768,1468,0.04848
323,1713015900000,1713016799999,0.04839,0.04843,0.04838,0.04842,109.9976,5.32440561,420,0.04839
324,1713016800000,1713017699999,0.04842,0.04842,0.04836,0.04838,97.7084,4.72755876,578,0.04842
325,1713017700000,1713018599999,0.04838,0.04842,0.04834,0.04834,80.2603,3.88237227,695,0.04838
326,1713018600000,1713019499999,0.04833,0.04834,0.04827,0.0483,359.9638,17.38564906,1018,0.04833
327,1713019500000,1713020399999,0.04829,0.04832,0.04827,0.04829,77.528,3.74393617,441,0.04829
328,1713020400000,1713021299999,0.04829,0.0483,0.04825,0.04826,117.9221,5.69204123,584,0.04829
329,1713021300000,1713022199999,0.04826,0.04851,0.04826,0.0485,349.7959,16.92794183,1427,0.04826
330,1713022200000,1713023099999,0.04851,0.04856,0.04836,0.04839,404.3409,19.59181259,1534,0.04851
331,1713023100000,1713023999999,0.0484,0.04841,0.04831,0.04836,145.9394,7.05738370,786,0.0484
332,1713024000000,1713024899999,0.04836,0.04841,0.0483,0.04833,294.8908,14.25802529,1140,0.04836
333,1713024900000,1713025799999,0.04834,0.04837,0.04806,0.04821,626.0242,30.16285261,2316,0.04834
334,1713025800000,1713026699999,0.0482,0.04833,0.0482,0.0482,178.2174,8.60290747,1050,0.0482
335,1713026700000,1713027599999,0.0482,0.0482,0.04807,0.04812,353.8435,17.02265286,1004,0.0482
336,1713027600000,1713028499999,0.04813,0.04825,0.04796,0.04815,757.1772,36.43545836,2549,0.04813
337,1713028500000,1713029399999,0.04816,0.04831,0.04805,0.04808,749.1572,36.09194861,2535,0.04816
338,1713029400000,1713030299999,0.04808,0.04818,0.04795,0.04799,788.1146,37.85751850,2619,0.04808
339,1713030300000,1713031199999,0.048,0.04804,0.04784,0.04786,469.8636,22.53490176,1430,0.048
340,1713031200000,1713032099999,0.04787,0.04809,0.0478,0.04809,1341.512,64.28271184,3328,0.04787
341,1713032100000,1713032999999,0.04809,0.04821,0.04808,0.04814,299.6039,14.42786987,1129,0.04809
342,1713033000000,1713033899999,0.04813,0.04818,0.04807,0.04811,370.2498,17.81429595,961,0.04813
343,1713033900000,1713034799999,0.04811,0.04817,0.04806,0.04814,319.7867,15.38637808,1047,0.04811
344,1713034800000,1713035699999,0.04815,0.04815,0.048,0.04801,339.6861,16.32930926,827,0.04815
345,1713035700000,1713036599999,0.04801,0.04804,0.04788,0.04788,199.3299,9.56095679,782,0.04801
346,1713036600000,1713037499999,0.04789,0.04789,0.04777,0.04778,289.7088,13.85576601,1257,0.04789
347,1713037500000,1713038399999,0.04779,0.04794,0.04718,0.04761,5443.2561,258.86163073,15091,0.04779
348,1713038400000,1713039299999,0.04762,0.04797,0.04655,0.04697,7996.7081,377.81638655,30197,0.04762
349,1713039300000,1713040199999,0.04697,0.04724,0.04666,0.04708,5262.3091,247.30345848,16800,0.04697
350,1713040200000,1713041099999,0.04708,0.04746,0.04702,0.04736,3746.8411,176.99095809,10760,0.04708
351,1713041100000,1713041999999,0.04737,0.04738,0.04694,0.04708,3144.0608,148.09087384,8922,0.04737
352,1713042000000,1713042899999,0.04708,0.04718,0.04693,0.04707,2063.5349,97.13190117,4847,0.04708
353,1713042900000,1713043799999,0.04707,0.04709,0.0463,0.04635,3986.82,186.17950990,9156,0.04707
354,1713043800000,1713044699999,0.04634,0.0467,0.04632,0.04648,3582.4927,166.82476846,6964,0.04634
355,1713044700000,1713045599999,0.04647,0.0469,0.04647,0.04688,1920.9519,89.80267275,4669,0.04647
356,1713045600000,1713046499999,0.04688,0.0469,0.04653,0.04661,1457.0863,68.17323272,2951,0.04688
357,1713046500000,1713047399999,0.04661,0.04686,0.0466,0.04677,786.9726,36.80222271,2236,0.04661
358,1713047400000,1713048299999,0.04678,0.04707,0.04676,0.04685,1985.6199,93.18288062,4610,0.04678
359,1713048300000,1713049199999,0.04684,0.0471,0.04662,0.04696,1395.9723,65.44595009,3970,0.04684
360,1713049200000,1713050099999,0.04696,0.04696,0.04664,0.04679,1294.1983,60.53114226,4056,0.04696
361,1713050100000,1713050999999,0.04679,0.04699,0.04673,0.04698,881.4359,41.28592419,2159,0.04679
362,1713051000000,1713051899999,0.04697,0.04707,0.04692,0.04698,595.7545,28.00125725,1556,0.04697
363,1713051900000,1713052799999,0.04698,0.0471,0.0469,0.04704,742.313,34.87361306,1957,0.04698
364,1713052800000,1713053699999,0.04704,0.04708,0.04692,0.04701,583.0602,27.40407936,1261,0.04704
365,1713053700000,1713054599999,0.04701,0.04703,0.04622,0.04668,2309.0991,107.55918175,5889,0.04701
366,1713054600000,1713055499999,0.04667,0.04679,0.0465,0.04662,933.2641,43.51730552,1964,0.04667
367,1713055500000,1713056399999,0.04662,0.04673,0.04653,0.0466,631.3196,29.42020122,1157,0.04662
368,1713056400000,1713057299999,0.0466,0.04672,0.0464,0.04651,853.6834,39.70620785,1632,0.0466
369,1713057300000,1713058199999,0.04651,0.04683,0.04651,0.04682,653.6632,30.54773374,1331,0.04651
370,1713058200000,1713059099999,0.04681,0.047,0.04678,0.04694,453.1179,21.25655736,1328,0.04681
371,1713059100000,1713059999999,0.04694,0.04702,0.04691,0.04695,389.8728,18.30831291,722,0.04694
372,1713060000000,1713060899999,0.04696,0.04702,0.04686,0.04688,606.1485,28.46312893,1062,0.04696
373,1713060900000,1713061799999,0.04688,0.04695,0.04686,0.0469,828.3701,38.85167454,1689,0.04688
374,1713061800000,1713062699999,0.0469,0.04697,0.04683,0.04684,716.7452,33.62376105,988,0.0469
375,1713062700000,1713063599999,0.04684,0.04701,0.04684,0.04689,666.8507,31.31234174,1359,0.04684
376,1713063600000,1713064499999,0.04688,0.04701,0.04685,0.04687,1396.1691,65.53552503,3458,0.04688
377,1713064500000,1713065399999,0.04687,0.047,0.04672,0.04677,573.7276,26.90565185,1983,0.04687
378,1713065400000,1713066299999,0.04676,0.04686,0.04673,0.04674,287.5913,13.45753862,828,0.04676
379,1713066300000,1713067199999,0.04674,0.0469,0.04668,0.04683,250.0846,11.70300234,730,0.04674
380,1713067200000,1713068099999,0.04683,0.0469,0.04675,0.04687,397.4675,18.60987662,802,0.04683
381,1713068100000,1713068999999,0.04687,0.04742,0.04687,0.04741,2239.7863,105.91768546,4213,0.04687
382,1713069000000,1713069899999,0.04741,0.04758,0.04739,0.04752,1179.4601,56.02282184,2528,0.04741
383,1713069900000,1713070799999,0.04753,0.04758,0.04744,0.04757,300.9334,14.29827278,721,0.04753
384,1713070800000,1713071699999,0.04758,0.04766,0.04747,0.04756,817.8398,38.88308210,1695,0.04758
385,1713071700000,1713072599999,0.04756,0.04756,0.04741,0.0475,629.0423,29.86822045,1217,0.04756
386,1713072600000,1713073499999,0.04749,0.04774,0.04747,0.04767,296.3139,14.10801064,1157,0.04749
387,1713073500000,1713074399999,0.04768,0.04774,0.04761,0.04772,277.1789,13.21692104,737,0.04768
388,1713074400000,1713075299999,0.04772,0.04776,0.04766,0.04773,563.2399,26.87786739,1035,0.04772
389,1713075300000,1713076199999,0.04774,0.04789,0.04769,0.04777,849.9574,40.62939503,2004,0.04774
390,1713076200000,1713077099999,0.04776,0.04781,0.04765,0.04776,653.9421,31.21920147,1483,0.04776
391,1713077100000,1713077999999,0.04777,0.04785,0.04769,0.04782,342.3959,16.35712427,1017,0.04777
392,1713078000000,1713078899999,0.04781,0.0479,0.04765,0.04765,367.8674,17.57423488,1246,0.04781
393,1713078900000,1713079799999,0.04766,0.04771,0.04761,0.04767,383.753,18.29444786,983,0.04766
394,1713079800000,1713080699999,0.04766,0.0478,0.04765,0.04778,306.8671,14.64866510,760,0.04766
395,1713080700000,1713081599999,0.04778,0.04787,0.04777,0.04785,374.0871,17.88985169,956,0.04778
396,1713081600000,1713082499999,0.04785,0.04785,0.04778,0.0478,170.5969,8.15696296,525,0.04785
397,1713082500000,1713083399999,0.04779,0.04782,0.0477,0.04778,192.1086,9.17412469,611,0.04779
398,1713083400000,1713084299999,0.04777,0.04778,0.04765,0.04765,301.9206,14.41428873,789,0.04777
399,1713084300000,1713085199999,0.04766,0.04766,0.04743,0.04754,482.9774,22.95834717,1406,0.04766
400,1713085200000,1713086099999,0.04755,0.04755,0.04745,0.04746,137.1491,6.51542974,497,0.04755
401,1713086100000,1713086999999,0.04747,0.04752,0.04741,0.04749,249.4345,11.84065431,800,0.04747
402,1713087000000,1713087899999,0.04748,0.04751,0.04732,0.04737,602.7262,28.57507255,1705,0.04748
403,1713087900000,1713088799999,0.04736,0.04747,0.04731,0.04743,686.7233,32.53415500,1730,0.04736
404,1713088800000,1713089699999,0.04744,0.04747,0.04729,0.04729,260.7739,12.36701348,1177,0.04744
405,1713089700000,1713090599999,0.04729,0.04739,0.04724,0.04734,288.7377,13.65414475,957,0.04729
406,1713090600000,1713091499999,0.04735,0.04743,0.04732,0.0474,295.8992,14.01400584,1094,0.04735
407,1713091500000,1713092399999,0.04741,0.04746,0.04739,0.0474,127.3411,6.03914407,588,0.04741
408,1713092400000,1713093299999,0.0474,0.04741,0.04724,0.04728,383.8213,18.15804773,1732,0.0474
409,1713093300000,1713094199999,0.04727,0.04729,0.04717,0.0472,402.5621,19.01660400,1404,0.04727
410,1713094200000,1713095099999,0.04721,0.04728,0.0471,0.04714,398.5692,18.80991624,1233,0.04721
411,1713095100000,1713095999999,0.04713,0.04723,0.04713,0.04718,209.8588,9.90339825,834,0.04713
412,1713096000000,1713096899999,0.04718,0.04729,0.04717,0.0472,182.1745,8.60526480,1062,0.04718
413,1713096900000,1713097799999,0.0472,0.04724,0.04713,0.04716,171.8238,8.11035218,1064,0.0472
414,1713097800000,1713098699999,0.04715,0.04722,0.04713,0.04719,138.3921,6.52926020,518,0.04715
415,1713098700000,1713099599999,0.0472,0.04733,0.04713,0.04718,399.4242,18.87408943,1610,0.0472
416,1713099600000,1713100499999,0.04719,0.04734,0.04716,0.04734,255.7868,12.07853187,895,0.04719
417,1713100500000,1713101399999,0.04734,0.04736,0.04728,0.04728,247.826,11.72556676,838,0.04734
418,1713101400000,1713102299999,0.04729,0.04732,0.04717,0.0472,172.3292,8.13945694,1040,0.04729
419,1713102300000,1713103199999,0.04719,0.04721,0.04705,0.04712,226.3986,10.66515769,1508,0.04719
420,1713103200000,1713104099999,0.04712,0.04717,0.04704,0.0471,575.8169,27.12258877,1809,0.04712
421,1713104100000,1713104999999,0.0471,0.04724,0.04709,0.04724,350.8308,16.55218229,1153,0.0471
422,1713105000000,1713105899999,0.04724,0.04777,0.04722,0.04772,1797.4191,85.36885025,5423,0.04724
423,1713105900000,1713106799999,0.04772,0.04777,0.04747,0.04749,329.4559,15.69224647,1396,0.04772
424,1713106800000,1713107699999,0.0475,0.04755,0.04742,0.04746,281.8892,13.38480324,886,0.0475
425,1713107700000,1713108599999,0.04746,0.04766,0.04746,0.0476,278.3959,13.24665803,1277,0.04746
426,1713108600000,1713109499999,0.04762,0.04769,0.04756,0.04764,348.929,16.61474694,1090,0.04762
427,1713109500000,1713110399999,0.04765,0.04767,0.04755,0.0476,293.2925,13.96253317,1065,0.04765
428,1713110400000,1713111299999,0.04761,0.04775,0.0476,0.04771,869.3243,41.44909815,1482,0.04761
429,1713111300000,1713112199999,0.04771,0.0479,0.04769,0.04789,610.2356,29.16536755,1766,0.04771
430,1713112200000,1713113099999,0.0479,0.04795,0.04777,0.04794,339.5807,16.25560329,1462,0.0479
431,1713113100000,1713113999999,0.04794,0.048,0.04783,0.04784,310.6021,14.88915021,1211,0.04794
432,1713114000000,1713114899999,0.04784,0.04792,0.04766,0.04767,893.1063,42.71056963,2691,0.04784
433,1713114900000,1713115799999,0.04767,0.04787,0.04749,0.04782,2548.1247,121.37223638,7757,0.04767
434,1713115800000,1713116699999,0.04781,0.04807,0.04777,0.04799,1450.7468,69.50958556,4665,0.04781
435,1713116700000,1713117599999,0.04799,0.04802,0.04776,0.0478,484.5742,23.21599737,2012,0.04799
436,1713117600000,1713118499999,0.04779,0.04798,0.04766,0.04795,594.1809,28.41403620,2625,0.04779
437,1713118500000,1713119399999,0.04794,0.04797,0.0477,0.04774,389.9616,18.64479002,1566,0.04794
438,1713119400000,1713120299999,0.04773,0.04783,0.04769,0.04781,291.961,13.93777669,1099,0.04773
439,1713120300000,1713121199999,0.04782,0.0479,0.04777,0.04788,142.1928,6.80129608,637,0.04782
440,1713121200000,1713122099999,0.04787,0.04795,0.04787,0.04793,169.6216,8.12746308,662,0.04787
441,1713122100000,1713122999999,0.04792,0.04799,0.04788,0.04788,273.415,13.10243004,1018,0.04792
442,1713123000000,1713123899999,0.04788,0.04792,0.04783,0.04787,225.1265,10.77748514,926,0.04788
443,1713123900000,1713124799999,0.04786,0.04791,0.04785,0.04789,62.9893,3.01577956,367,0.04786
444,1713124800000,1713125699999,0.0479,0.04803,0.04789,0.04794,401.6215,19.26630869,1371,0.0479
445,1713125700000,1713126599999,0.04795,0.04799,0.04791,0.04797,132.1546,6.33688287,826,0.04795
446,1713126600000,1713127499999,0.04797,0.04801,0.04793,0.048,91.4156,4.38480316,754,0.04797
447,1713127500000,1713128399999,0.04799,0.04805,0.04797,0.04805,121.7372,5.84460078,716,0.04799
448,1713128400000,1713129299999,0.04805,0.04817,0.04803,0.04811,370.0757,17.80162466,1510,0.04805
449,1713129300000,1713130199999,0.04811,0.04821,0.04809,0.04812,350.0701,16.85703480,1587,0.04811
450,1713130200000,1713131099999,0.04812,0.04812,0.04806,0.0481,143.9027,6.92104030,858,0.04812
451,1713131100000,1713131999999,0.0481,0.04816,0.04806,0.04814,144.4111,6.94612561,879,0.0481
452,1713132000000,1713132899999,0.04814,0.04846,0.04807,0.04839,2281.4178,110.22160162,7885,0.04814
453,1713132900000,1713133799999,0.04841,0.0485,0.0483,0.04831,1002.0286,48.50616983,3118,0.04841
454,1713133800000,1713134699999,0.04831,0.0485,0.04831,0.04845,606.674,29.37786451,1702,0.04831
455,1713134700000,1713135599999,0.04845,0.04852,0.04831,0.04831,420.5678,20.37111088,1379,0.04845
456,1713135600000,1713136499999,0.04832,0.04841,0.0483,0.04832,283.3757,13.70234532,1190,0.04832
457,1713136500000,1713137399999,0.04833,0.04835,0.04821,0.04825,624.5178,30.15087610,1948,0.04833
458,1713137400000,1713138299999,0.04825,0.04825,0.04811,0.04811,285.4228,13.74737279,1195,0.04825
459,1713138300000,1713139199999,0.0481,0.04811,0.04798,0.04804,301.8231,14.49821934,1228,0.0481
460,1713139200000,1713140099999,0.04805,0.04806,0.04781,0.04781,398.452,19.10575383,1958,0.04805
461,1713140100000,1713140999999,0.04782,0.04788,0.04774,0.04774,387.2283,18.50478838,1682,0.04782
462,1713141000000,1713141899999,0.04774,0.04781,0.04754,0.04756,1022.6286,48.77176607,3366,0.04774
463,1713141900000,1713142799999,0.04755,0.04759,0.04745,0.04752,495.5302,23.55244201,1391,0.04755
464,1713142800000,1713143699999,0.04752,0.04764,0.04748,0.04759,637.4443,30.32666529,1659,0.04752
465,1713143700000,1713144599999,0.04759,0.04767,0.04759,0.04765,167.9556,7.99983324,571,0.04759
466,1713144600000,1713145499999,0.04764,0.04777,0.04761,0.04777,126.802,6.04675028,656,0.04764
467,1713145500000,1713146399999,0.04777,0.04797,0.04776,0.04793,360.5114,17.26443677,1277,0.04777
468,1713146400000,1713147299999,0.04793,0.04805,0.04791,0.04803,193.1392,9.26407907,814,0.04793
469,1713147300000,1713148199999,0.04803,0.04812,0.048,0.04811,241.5187,11.60674628,814,0.04803
470,1713148200000,1713149099999,0.04811,0.04814,0.04806,0.04813,125.4936,6.03524923,469,0.04811
471,1713149100000,1713149999999,0.04813,0.04826,0.04813,0.04819,351.4257,16.93118836,1458,0.04813
472,1713150000000,1713150899999,0.04819,0.04824,0.04816,0.04816,196.7642,9.48567880,530,0.04819
473,1713150900000,1713151799999,0.04816,0.04824,0.0481,0.04824,240.8135,11.59763279,727,0.04816
474,1713151800000,1713152699999,0.04824,0.04832,0.04821,0.04831,268.6274,12.96793749,879,0.04824
475,1713152700000,1713153599999,0.04831,0.04834,0.04827,0.0483,188.4897,9.10579505,538,0.04831
476,1713153600000,1713154499999,0.0483,0.04833,0.04824,0.04826,302.4169,14.60157762,799,0.0483
477,1713154500000,1713155399999,0.04826,0.04838,0.04826,0.04833,268.5108,12.97874423,927,0.04826
478,1713155400000,1713156299999,0.04833,0.04835,0.04828,0.04835,197.6751,9.55161861,552,0.04833
479,1713156300000,1713157199999,0.04835,0.0484,0.04834,0.04837,127.7659,6.18013494,450,0.04835
480,1713157200000,1713158099999,0.04837,0.04837,0.04828,0.0483,202.643,9.79121479,664,0.04837
481,1713158100000,1713158999999,0.04831,0.04831,0.04824,0.04826,99.921,4.82355699,423,0.04831
482,1713159000000,1713159899999,0.04826,0.04831,0.04821,0.04822,206.0245,9.94288439,578,0.04826
483,1713159900000,1713160799999,0.04822,0.04828,0.04821,0.04824,244.4068,11.79107226,618,0.04822
484,1713160800000,1713161699999,0.04823,0.04865,0.04823,0.04861,809.7062,39.24888975,2990,0.04823
485,1713161700000,1713162599999,0.04862,0.04897,0.04862,0.04892,1578.309,77.02625469,5892,0.04862
486,1713162600000,1713163499999,0.04892,0.04906,0.04885,0.04889,1840.535,90.10364624,5567,0.04892
487,1713163500000,1713164399999,0.04889,0.0489,0.04875,0.04876,714.0127,34.85226681,1886,0.04889
488,1713164400000,1713165299999,0.04875,0.04884,0.04869,0.04874,435.8725,21.24874331,1537,0.04875
489,1713165300000,1713166199999,0.04874,0.04887,0.04866,0.04871,824.7743,40.23248291,1808,0.04874
490,1713166200000,1713167099999,0.04871,0.0489,0.0487,0.04887,218.7937,10.68019025,911,0.04871
491,1713167100000,1713167999999,0.04887,0.04904,0.04884,0.04892,505.1246,24.73437882,1594,0.04887
492,1713168000000,1713168899999,0.04893,0.04903,0.04892,0.04903,419.5644,20.55215762,1016,0.04893
493,1713168900000,1713169799999,0.04903,0.04923,0.04902,0.04917,513.3913,25.23092236,1835,0.04903
494,1713169800000,1713170699999,0.04917,0.04923,0.0491,0.04912,395.3372,19.44163310,957,0.04917
495,1713170700000,1713171599999,0.04911,0.04911,0.04902,0.04904,492.827,24.17661951,907,0.04911
496,1713171600000,1713172499999,0.04904,0.04904,0.04891,0.04896,453.8462,22.22272819,1372,0.04904
497,1713172500000,1713173399999,0.04896,0.04896,0.04876,0.04876,396.8846,19.37736804,1581,0.04896
498,1713173400000,1713174299999,0.04877,0.04882,0.04875,0.04879,252.9184,12.33858665,697,0.04877
499,1713174300000,1713175199999,0.0488,0.0489,0.04878,0.04887,406.7573,19.86391155,874,0.0488
500,1713175200000,1713176099999,0.04887,0.04897,0.04881,0.04896,764.6036,37.36001048,1573,0.04887
501,1713176100000,1713176999999,0.04895,0.049,0.04892,0.04894,198.4123,9.71571108,1169,0.04895
502,1713177000000,1713177899999,0.04893,0.04897,0.04891,0.04893,261.2114,12.78377411,1140,0.04893
503,1713177900000,1713178799999,0.04894,0.04909,0.04893,0.04905,250.2018,12.26464130,1009,0.04894
504,1713178800000,1713179699999,0.04906,0.04913,0.04898,0.04899,929.2695,45.58492347,3985,0.04906
505,1713179700000,1713180599999,0.04899,0.04912,0.04899,0.04903,243.7034,11.95570762,1520,0.04899
506,1713180600000,1713181499999,0.04904,0.04905,0.04897,0.04904,561.448,27.51510069,1786,0.04904
507,1713181500000,1713182399999,0.04903,0.04908,0.04902,0.04903,148.4879,7.28257652,626,0.04903
508,1713182400000,1713183299999,0.04904,0.04911,0.04896,0.04896,317.0648,15.54261569,1797,0.04904
509,1713183300000,1713184199999,0.04895,0.04902,0.04892,0.04897,266.9,13.06967824,862,0.04895
510,1713184200000,1713185099999,0.04897,0.04902,0.04895,0.04899,178.7728,8.75636585,728,0.04897
511,1713185100000,1713185999999,0.04899,0.049,0.04892,0.04893,117.6904,5.76100004,430,0.04899
512,1713186000000,1713186899999,0.04894,0.04895,0.04886,0.04891,234.2212,11.45507068,836,0.04894
513,1713186900000,1713187799999,0.0489,0.04891,0.04878,0.04879,123.3646,6.02451791,688,0.0489
514,1713187800000,1713188699999,0.04879,0.04879,0.04859,0.0486,527.5075,25.67103375,1900,0.04879
515,1713188700000,1713189599999,0.04861,0.04861,0.04838,0.04847,1556.9218,75.52896425,3395,0.04861
516,1713189600000,1713190499999,0.04848,0.04869,0.04848,0.04867,824.5663,40.07880788,2555,0.04848
517,1713190500000,1713191399999,0.04867,0.04879,0.04865,0.04872,614.4478,29.93883730,2232,0.04867
518,1713191400000,1713192299999,0.04873,0.04883,0.04873,0.04875,867.983,42.35084867,2623,0.04873
519,1713192300000,1713193199999,0.04875,0.04883,0.04863,0.0487,1987.8466,96.89776751,4643,0.04875
520,1713193200000,1713194099999,0.04871,0.04874,0.0486,0.04862,654.2202,31.83465556,2759,0.04871
521,1713194100000,1713194999999,0.04862,0.04876,0.04861,0.04869,588.9909,28.67227350,2184,0.04862
522,1713195000000,1713195899999,0.0487,0.04881,0.04869,0.04881,495.5966,24.16454742,1334,0.0487
523,1713195900000,1713196799999,0.04881,0.04901,0.04879,0.04899,425.4048,20.79273291,1786,0.04881
524,1713196800000,1713197699999,0.04899,0.04905,0.04893,0.04905,246.1564,12.05810252,996,0.04899
525,1713197700000,1713198599999,0.04905,0.0492,0.04896,0.0492,555.0692,27.23516286,2095,0.04905
526,1713198600000,1713199499999,0.0492,0.04921,0.04906,0.04909,407.9011,20.04596823,1538,0.0492
527,1713199500000,1713200399999,0.0491,0.04913,0.04889,0.0489,341.1569,16.71081930,1672,0.0491
528,1713200400000,1713201299999,0.04889,0.04901,0.04885,0.04893,671.9882,32.87351306,1834,0.04889
529,1713201300000,1713202199999,0.04893,0.04893,0.0485,0.04863,973.0286,47.32261144,4240,0.04893
530,1713202200000,1713203099999,0.04862,0.04875,0.04849,0.04864,442.8933,21.53626691,1946,0.04862
531,1713203100000,1713203999999,0.04864,0.04893,0.04864,0.04876,529.0711,25.82432474,2457,0.04864
532,1713204000000,1713204899999,0.04876,0.04881,0.04875,0.04881,175.153,8.54283578,583,0.04876
533,1713204900000,1713205799999,0.04882,0.04883,0.04832,0.04862,2001.7152,97.15559149,6629,0.04882
534,1713205800000,1713206699999,0.04862,0.04863,0.04839,0.04847,396.2275,19.22497353,1610,0.04862
535,1713206700000,1713207599999,0.04847,0.04851,0.04834,0.04837,609.1901,29.48786541,1804,0.04847
536,1713207600000,1713208499999,0.04837,0.04872,0.04829,0.04872,1290.1948,62.55534095,3800,0.04837
537,1713208500000,1713209399999,0.04871,0.04892,0.0487,0.04887,618.5774,30.20641126,2169,0.04871
538,1713209400000,1713210299999,0.04886,0.04906,0.04885,0.04902,1217.4693,59.63158053,3343,0.04886
539,1713210300000,1713211199999,0.04902,0.04906,0.04887,0.04896,684.161,33.51672651,1926,0.04902
540,1713211200000,1713212099999,0.04896,0.049,0.04893,0.04894,144.0839,7.05424969,586,0.04896
541,1713212100000,1713212999999,0.04893,0.04901,0.04883,0.0489,400.4205,19.58666504,1273,0.04893
542,1713213000000,1713213899999,0.04889,0.04889,0.0488,0.04885,127.7285,6.23769532,586,0.04889
543,1713213900000,1713214799999,0.04885,0.04886,0.04879,0.04881,169.2492,8.26215163,662,0.04885
544,1713214800000,1713215699999,0.04881,0.0489,0.0488,0.04889,187.8376,9.17669730,582,0.04881
545,1713215700000,1713216599999,0.04889,0.04899,0.04877,0.04896,636.7372,31.13305118,2068,0.04889
546,1713216600000,1713217499999,0.04895,0.04914,0.04894,0.04911,610.8347,29.95147936,2020,0.04895
547,1713217500000,1713218399999,0.04911,0.04919,0.04906,0.04912,802.7131,39.42314985,2263,0.04911
548,1713218400000,1713219299999,0.04912,0.04918,0.04908,0.04917,217.3271,10.67926760,1033,0.04912
549,1713219300000,1713220199999,0.04916,0.04925,0.04915,0.04924,184.5845,9.08019956,946,0.04916
550,1713220200000,1713221099999,0.04924,0.04928,0.0492,0.04924,340.857,16.78120364,1049,0.04924
551,1713221100000,1713221999999,0.04925,0.04931,0.04922,0.04927,324.5102,15.98883204,776,0.04925
552,1713222000000,1713222899999,0.04927,0.04927,0.04915,0.04916,90.1923,4.43818372,446,0.04927
553,1713222900000,1713223799999,0.04915,0.04915,0.04903,0.04903,217.4816,10.67384900,854,0.04915
554,1713223800000,1713224699999,0.04902,0.04902,0.04887,0.04897,328.2308,16.05981882,1226,0.04902
555,1713224700000,1713225599999,0.04897,0.04898,0.04884,0.04891,396.7425,19.40548974,942,0.04897
556,1713225600000,1713226499999,0.04891,0.04892,0.04881,0.04884,192.32,9.39625930,821,0.04891
557,1713226500000,1713227399999,0.04883,0.04883,0.04857,0.04865,361.769,17.60769487,2052,0.04883
558,1713227400000,1713228299999,0.04865,0.04872,0.04863,0.04866,199.1799,9.69615116,890,0.04865
559,1713228300000,1713229199999,0.04866,0.04876,0.04863,0.04872,237.7645,11.58177098,929,0.04866
560,1713229200000,1713230099999,0.04872,0.04879,0.04869,0.04873,234.2939,11.41788576,1081,0.04872
561,1713230100000,1713230999999,0.04874,0.04889,0.04874,0.04888,196.2391,9.58299649,920,0.04874
562,1713231000000,1713231899999,0.04887,0.0489,0.04874,0.04879,200.7399,9.79929684,916,0.04887
563,1713231900000,1713232799999,0.04878,0.04879,0.04868,0.04878,464.9905,22.65796368,1188,0.04878
564,1713232800000,1713233699999,0.04878,0.04883,0.04874,0.04881,187.443,9.14364901,797,0.04878
565,1713233700000,1713234599999,0.0488,0.0488,0.0486,0.04869,271.0005,13.19041748,1288,0.0488
566,1713234600000,1713235499999,0.04869,0.04879,0.04867,0.04877,251.8592,12.27676668,696,0.04869
567,1713235500000,1713236399999,0.04877,0.04883,0.04875,0.0488,351.1082,17.13117644,909,0.04877
568,1713236400000,1713237299999,0.0488,0.04891,0.04879,0.04881,285.1949,13.93439304,1207,0.0488
569,1713237300000,1713238199999,0.04881,0.04885,0.04873,0.04877,328.4406,16.02572419,892,0.04881
570,1713238200000,1713239099999,0.04876,0.04878,0.04863,0.04863,446.3347,21.74129857,1274,0.04876
571,1713239100000,1713239999999,0.04864,0.04882,0.04861,0.04879,660.281,32.17482100,1560,0.04864
572,1713240000000,1713240899999,0.04879,0.04888,0.04865,0.04874,922.1859,44.98341365,2834,0.04879
573,1713240900000,1713241799999,0.04874,0.04885,0.04858,0.0486,567.7984,27.65218342,2078,0.04874
574,1713241800000,1713242699999,0.0486,0.0487,0.04853,0.04865,604.0005,29.36524779,2220,0.0486
575,1713242700000,1713243599999,0.04864,0.04867,0.0484,0.04844,1385.4998,67.25323015,4157,0.04864
576,1713243600000,1713244499999,0.04843,0.04858,0.04839,0.04854,493.736,23.93889243,1589,0.04843
577,1713244500000,1713245399999,0.04854,0.04862,0.04853,0.04861,418.0032,20.30143041,1055,0.04854
578,1713245400000,1713246299999,0.0486,0.04867,0.04854,0.04863,450.4391,21.89132655,1146,0.0486
579,1713246300000,1713247199999,0.04863,0.04868,0.0486,0.0486,188.8734,9.18669779,706,0.04863
580,1713247200000,1713248099999,0.0486,0.04875,0.04857,0.04868,382.6782,18.63177870,1385,0.0486
581,1713248100000,1713248999999,0.04868,0.04876,0.04866,0.04876,156.8954,7.64254421,621,0.04868
582,1713249000000,1713249899999,0.04876,0.0488,0.04874,0.0488,86.1847,4.20382380,520,0.04876
583,1713249900000,1713250799999,0.0488,0.04884,0.04878,0.04878,300.194,14.65019804,854,0.0488
584,1713250800000,1713251699999,0.04877,0.04885,0.04876,0.04884,132.6219,6.47468361,658,0.04877
585,1713251700000,1713252599999,0.04885,0.0489,0.04883,0.04888,180.4783,8.82025239,889,0.04885
586,1713252600000,1713253499999,0.04888,0.04904,0.04887,0.04895,692.616,33.90421461,2627,0.04888
587,1713253500000,1713254399999,0.04895,0.04897,0.04889,0.04892,154.148,7.54345783,570,0.04895
588,1713254400000,1713255299999,0.04892,0.04893,0.0488,0.04881,120.5003,5.88572398,649,0.04892
589,1713255300000,1713256199999,0.04882,0.04887,0.0488,0.04882,84.428,4.12313107,503,0.04882
590,1713256200000,1713257099999,0.04883,0.04888,0.04879,0.04882,144.4335,7.05381243,518,0.04883
591,1713257100000,1713257999999,0.04882,0.04883,0.04873,0.04875,118.0702,5.75978514,624,0.04882
592,1713258000000,1713258899999,0.04874,0.04882,0.04874,0.04875,126.3272,6.16264596,546,0.04874
593,1713258900000,1713259799999,0.04874,0.04882,0.04874,0.04876,150.394,7.33706060,673,0.04874
594,1713259800000,1713260699999,0.04877,0.04877,0.04869,0.04871,112.6195,5.48727124,722,0.04877
595,1713260700000,1713261599999,0.04872,0.04872,0.04863,0.0487,318.8313,15.51777273,951,0.04872
596,1713261600000,1713262499999,0.0487,0.04882,0.04867,0.04872,316.2825,15.42103996,1294,0.0487
597,1713262500000,1713263399999,0.04872,0.0488,0.04865,0.04875,1379.3683,67.22564931,3970,0.04872
598,1713263400000,1713264299999,0.04875,0.04882,0.04858,0.0487,1133.3041,55.18098018,3551,0.04875
599,1713264300000,1713265199999,0.0487,0.04878,0.04867,0.04878,307.0206,14.95870846,1251,0.0487
600,1713265200000,1713266099999,0.04877,0.0489,0.04873,0.04884,411.5613,20.09477319,1450,0.04877
601,1713266100000,1713266999999,0.04884,0.04895,0.04883,0.04895,283.8953,13.88315084,1153,0.04884
602,1713267000000,1713267899999,0.04896,0.04897,0.0489,0.0489,243.5734,11.91846664,1100,0.04896
603,1713267900000,1713268799999,0.04891,0.04908,0.0489,0.04903,634.1335,31.06702576,2607,0.04891
604,1713268800000,1713269699999,0.04902,0.04902,0.04884,0.04884,432.551,21.15736883,1451,0.04902
605,1713269700000,1713270599999,0.04883,0.04885,0.04877,0.04879,198.8127,9.70311750,802,0.04883
606,1713270600000,1713271499999,0.04879,0.04883,0.04873,0.04878,263.4722,12.85161417,936,0.04879
607,1713271500000,1713272399999,0.04878,0.04882,0.04873,0.04878,155.0046,7.55965665,668,0.04878
608,1713272400000,1713273299999,0.04878,0.04887,0.04874,0.04887,145.6852,7.10928414,656,0.04878
609,1713273300000,1713274199999,0.04887,0.04892,0.04879,0.04888,327.1414,15.98422604,1068,0.04887
610,1713274200000,1713275099999,0.04888,0.04902,0.04881,0.04901,629.0643,30.76812712,2109,0.04888
611,1713275100000,1713275999999,0.04901,0.04907,0.04888,0.04893,415.7414,20.35766556,1758,0.04901
612,1713276000000,1713276899999,0.04894,0.04906,0.0489,0.04904,251.5911,12.32780917,965,0.04894
613,1713276900000,1713277799999,0.04905,0.04908,0.04892,0.04905,436.2309,21.37206819,1404,0.04905
614,1713277800000,1713278699999,0.04905,0.04907,0.0489,0.04903,416.524,20.39948809,1734,0.04905
615,1713278700000,1713279599999,0.04903,0.04909,0.04896,0.04899,257.6364,12.63441012,977,0.04903
616,1713279600000,1713280499999,0.04899,0.04901,0.04886,0.04886,468.5521,22.92460583,1720,0.04899
617,1713280500000,1713281399999,0.04887,0.04893,0.04881,0.0489,353.2716,17.26849624,1437,0.04887
618,1713281400000,1713282299999,0.0489,0.04891,0.0487,0.04877,493.1492,24.06267738,2283,0.0489
619,1713282300000,1713283199999,0.04878,0.04882,0.04873,0.04873,382.3535,18.64842068,1480,0.04878
620,1713283200000,1713284099999,0.04872,0.04883,0.04855,0.04869,599.4249,29.18905306,2453,0.04872
621,1713284100000,1713284999999,0.0487,0.04878,0.04858,0.04876,391.1884,19.04573706,1720,0.0487
622,1713285000000,1713285899999,0.04875,0.04881,0.04873,0.0488,513.4437,25.03967588,1327,0.04875
623,1713285900000,1713286799999,0.04879,0.04887,0.04875,0.04875,418.2583,20.41686879,1776,0.04879
624,1713286800000,1713287699999,0.04874,0.04883,0.04869,0.0488,382.5941,18.65374049,1561,0.04874
625,1713287700000,1713288599999,0.04881,0.04882,0.04869,0.04875,309.1349,15.06934081,1469,0.04881
626,1713288600000,1713289499999,0.04876,0.04879,0.04863,0.04874,338.0372,16.46725858,1412,0.04876
627,1713289500000,1713290399999,0.04875,0.04875,0.04866,0.04869,220.3967,10.73341782,820,0.04875
628,1713290400000,1713291299999,0.04869,0.04871,0.04858,0.0487,350.5741,17.05875667,1293,0.04869
629,1713291300000,1713292199999,0.0487,0.04882,0.04868,0.04879,658.9224,32.11713841,2127,0.0487
630,1713292200000,1713293099999,0.04878,0.04888,0.04878,0.04883,256.6187,12.53026332,1364,0.04878
631,1713293100000,1713293999999,0.04884,0.04884,0.04877,0.04879,203.8577,9.94810936,634,0.04884
632,1713294000000,1713294899999,0.04879,0.0488,0.04874,0.04875,98.2377,4.79115956,492,0.04879
633,1713294900000,1713295799999,0.04875,0.04876,0.0487,0.04873,195.7808,9.54101596,671,0.04875
634,1713295800000,1713296699999,0.04873,0.0488,0.04869,0.0488,152.9375,7.45208484,748,0.04873
635,1713296700000,1713297599999,0.04879,0.04882,0.04872,0.04875,141.5313,6.90234159,652,0.04879
636,1713297600000,1713298499999,0.04875,0.04879,0.0487,0.04879,243.793,11.88409532,852,0.04875
637,1713298500000,1713299399999,0.04879,0.04884,0.04875,0.04875,115.1975,5.62215154,573,0.04879
638,1713299400000,1713300299999,0.04875,0.04878,0.04865,0.04868,147.6086,7.19059611,730,0.04875
639,1713300300000,1713301199999,0.04868,0.04875,0.04864,0.0487,173.4422,8.44517316,841,0.04868
640,1713301200000,1713302099999,0.04871,0.04879,0.0487,0.04878,261.1759,12.73094453,1083,0.04871
641,1713302100000,1713302999999,0.04879,0.04883,0.04854,0.04865,460.7018,22.42183245,2059,0.04879
642,1713303000000,1713303899999,0.04865,0.04865,0.04839,0.04839,1095.1937,53.10568905,3274,0.04865
643,1713303900000,1713304799999,0.04838,0.04849,0.04831,0.04846,666.8158,32.29329258,2456,0.04838
644,1713304800000,1713305699999,0.04846,0.04846,0.04835,0.04842,362.2956,17.53930665,1374,0.04846
645,1713305700000,1713306599999,0.04843,0.04844,0.04836,0.04842,355.7912,17.21935909,794,0.04843
646,1713306600000,1713307499999,0.04842,0.0485,0.0484,0.0485,174.4401,8.45252377,518,0.04842
647,1713307500000,1713308399999,0.0485,0.04852,0.04844,0.0485,161.1399,7.81227251,507,0.0485
648,1713308400000,1713309299999,0.04849,0.04852,0.04848,0.04849,67.5983,3.27868951,257,0.04849
649,1713309300000,1713310199999,0.04849,0.0485,0.04843,0.04846,93.7854,4.54519764,333,0.04849
650,1713310200000,1713311099999,0.04846,0.04847,0.04842,0.04842,60.9745,2.95366736,255,0.04846
651,1713311100000,1713311999999,0.04841,0.04843,0.04833,0.04834,77.6766,3.75822700,547,0.04841
652,1713312000000,1713312899999,0.04834,0.04842,0.04831,0.0484,199.1201,9.63234963,861,0.04834
653,1713312900000,1713313799999,0.0484,0.04842,0.0483,0.04838,144.8915,7.00616786,799,0.0484
654,1713313800000,1713314699999,0.04839,0.04839,0.04834,0.04838,333.7456,16.14154016,903,0.04839
655,1713314700000,1713315599999,0.04839,0.04841,0.04833,0.04833,289.7289,14.01589652,1123,0.04839
656,1713315600000,1713316499999,0.04833,0.04834,0.04822,0.04827,345.4204,16.68353152,1387,0.04833
657,1713316500000,1713317399999,0.04826,0.04837,0.04823,0.04837,177.8411,8.58879453,705,0.04826
658,1713317400000,1713318299999,0.04837,0.04838,0.04831,0.04833,171.4117,8.28722990,509,0.04837
659,1713318300000,1713319199999,0.04832,0.04836,0.04829,0.04829,126.0539,6.09095632,522,0.04832
660,1713319200000,1713320099999,0.04829,0.04829,0.0482,0.04828,173.7457,8.38223726,956,0.04829
661,1713320100000,1713320999999,0.04829,0.04829,0.04819,0.04823,199.3061,9.61233346,852,0.04829
662,1713321000000,1713321899999,0.04823,0.04824,0.04818,0.0482,75.7826,3.65282723,428,0.04823
663,1713321900000,1713322799999,0.0482,0.04835,0.0482,0.04832,243.349,11.74973369,777,0.0482
664,1713322800000,1713323699999,0.04833,0.04838,0.04828,0.04831,372.8041,18.01620367,876,0.04833
665,1713323700000,1713324599999,0.04831,0.04832,0.04824,0.0483,157.1241,7.58849459,611,0.04831
666,1713324600000,1713325499999,0.0483,0.04837,0.0483,0.04836,95.6042,4.62136484,334,0.0483
667,1713325500000,1713326399999,0.04835,0.04848,0.04835,0.04847,123.083,5.95616455,615,0.04835
668,1713326400000,1713327299999,0.04848,0.04851,0.04844,0.04851,257.1354,12.46747750,710,0.04848
669,1713327300000,1713328199999,0.0485,0.04852,0.04845,0.04851,184.978,8.96945466,692,0.0485
670,1713328200000,1713329099999,0.04852,0.04862,0.04852,0.04862,291.9284,14.17970717,1189,0.04852
671,1713329100000,1713329999999,0.04861,0.04862,0.04856,0.04857,178.4749,8.67032392,564,0.04861
672,1713330000000,1713330899999,0.04857,0.04857,0.04843,0.04845,144.4537,7.00530652,764,0.04857
673,1713330900000,1713331799999,0.04844,0.04844,0.04833,0.04836,241.3494,11.67559603,1180,0.04844
674,1713331800000,1713332699999,0.04837,0.04841,0.04835,0.04839,118.1322,5.71558691,445,0.04837
675,1713332700000,1713333599999,0.04838,0.04841,0.04831,0.04833,426.6308,20.62703930,1139,0.04838
676,1713333600000,1713334499999,0.04833,0.04838,0.04832,0.04838,140.8318,6.80888169,628,0.04833
677,1713334500000,1713335399999,0.04838,0.04842,0.04836,0.0484,115.6209,5.59530900,381,0.04838
678,1713335400000,1713336299999,0.0484,0.04842,0.04838,0.04841,106.0485,5.13221640,273,0.0484
679,1713336300000,1713337199999,0.0484,0.04843,0.04838,0.04839,61.5936,2.98223894,271,0.0484
680,1713337200000,1713338099999,0.04839,0.04849,0.04837,0.04845,382.1865,18.51337436,1570,0.04839
681,1713338100000,1713338999999,0.04845,0.04853,0.04845,0.04848,196.4433,9.52538838,687,0.04845
682,1713339000000,1713339899999,0.04848,0.04853,0.04847,0.04851,201.4602,9.77185480,518,0.04848
683,1713339900000,1713340799999,0.04851,0.04863,0.04849,0.0486,177.0046,8.59437907,769,0.04851
684,1713340800000,1713341699999,0.0486,0.04864,0.04853,0.04854,223.9833,10.88384214,825,0.0486
685,1713341700000,1713342599999,0.04853,0.04856,0.04849,0.04851,185.5573,9.00302402,421,0.04853
686,1713342600000,1713343499999,0.0485,0.04857,0.0485,0.04854,109.16,5.29821365,370,0.0485
687,1713343500000,1713344399999,0.04854,0.04856,0.04851,0.04852,190.2039,9.23191673,462,0.04854
688,1713344400000,1713345299999,0.04852,0.04855,0.04849,0.04855,187.8371,9.11260121,443,0.04852
689,1713345300000,1713346199999,0.04855,0.0486,0.04851,0.04859,203.5678,9.88491650,601,0.04855
690,1713346200000,1713347099999,0.04859,0.04863,0.04852,0.04859,1406.9843,68.33449832,1786,0.04859
691,1713347100000,1713347999999,0.04859,0.04871,0.04853,0.04863,3621.1516,176.05514410,4186,0.04859
692,1713348000000,1713348899999,0.04862,0.04873,0.04858,0.04871,1022.991,49.77550702,1845,0.04862
693,1713348900000,1713349799999,0.04872,0.04881,0.04871,0.04875,467.3253,22.78599735,1277,0.04872
694,1713349800000,1713350699999,0.04876,0.0488,0.04865,0.04865,370.211,18.04251175,1224,0.04876
695,1713350700000,1713351599999,0.04866,0.04867,0.0486,0.04865,247.9407,12.05862538,1083,0.04866
696,1713351600000,1713352499999,0.04865,0.0487,0.04864,0.04869,126.2393,6.14551095,634,0.04865
697,1713352500000,1713353399999,0.0487,0.0487,0.04865,0.0487,249.9618,12.16793084,1606,0.0487
698,1713353400000,1713354299999,0.0487,0.0487,0.0486,0.04861,284.631,13.84485857,2532,0.0487
699,1713354300000,1713355199999,0.0486,0.04861,0.04845,0.04857,790.1212,38.35315249,2982,0.0486
700,1713355200000,1713356099999,0.04856,0.04859,0.04846,0.04847,259.978,12.61932259,1452,0.04856
701,1713356100000,1713356999999,0.04846,0.04858,0.04846,0.04855,533.3424,25.88256851,2243,0.04846
702,1713357000000,1713357899999,0.04855,0.04862,0.04851,0.04856,524.9673,25.49956091,1794,0.04855
703,1713357900000,1713358799999,0.04855,0.04865,0.04853,0.04864,400.8741,19.47911466,925,0.04855
704,1713358800000,1713359699999,0.04864,0.0487,0.04864,0.0487,394.28,19.18754832,975,0.04864
705,1713359700000,1713360599999,0.0487,0.04877,0.04869,0.04875,415.5493,20.25123336,1184,0.0487
706,1713360600000,1713361499999,0.04875,0.04878,0.04862,0.04868,527.1621,25.66575501,1831,0.04875
707,1713361500000,1713362399999,0.04867,0.04868,0.0485,0.04858,390.8553,18.99016013,1700,0.04867
708,1713362400000,1713363299999,0.04858,0.0486,0.04844,0.04851,641.253,31.10805046,2440,0.04858
709,1713363300000,1713364199999,0.04852,0.04852,0.048,0.04836,3376.0157,163.01843614,10365,0.04852
710,1713364200000,1713365099999,0.04836,0.04858,0.04834,0.04849,1509.9866,73.21336186,4337,0.04836
711,1713365100000,1713365999999,0.04849,0.04869,0.04848,0.04866,610.3436,29.65684678,2198,0.04849
712,1713366000000,1713366899999,0.04866,0.04866,0.04849,0.04857,888.2863,43.12727986,3399,0.04866
713,1713366900000,1713367799999,0.04857,0.04885,0.04857,0.04878,1198.7091,58.41777425,3831,0.04857
714,1713367800000,1713368699999,0.04879,0.04894,0.04868,0.04879,1571.3545,76.72690928,5146,0.04879
715,1713368700000,1713369599999,0.04879,0.0489,0.04875,0.04885,870.2184,42.49432763,2790,0.04879
716,1713369600000,1713370499999,0.04885,0.04911,0.04877,0.04903,2575.5871,126.12910481,7688,0.04885
717,1713370500000,1713371399999,0.04904,0.04908,0.04885,0.0489,1461.5263,71.60692755,5645,0.04904
718,1713371400000,1713372299999,0.04889,0.04916,0.04887,0.0491,580.6427,28.46930043,3075,0.04889
719,1713372300000,1713373199999,0.0491,0.04913,0.04899,0.04902,647.2604,31.74740621,2036,0.0491
720,1713373200000,1713374099999,0.04902,0.04911,0.04898,0.0491,455.2746,22.32817147,1680,0.04902
721,1713374100000,1713374999999,0.04909,0.0491,0.04901,0.04905,364.9722,17.90465234,1489,0.04909
722,1713375000000,1713375899999,0.04906,0.04913,0.04905,0.04912,307.1605,15.07963730,970,0.04906
723,1713375900000,1713376799999,0.04912,0.04912,0.04899,0.04901,404.2172,19.83223374,1218,0.04912
724,1713376800000,1713377699999,0.049,0.04921,0.04898,0.04914,661.5084,32.48976174,2420,0.049
725,1713377700000,1713378599999,0.04914,0.04919,0.04904,0.04913,428.3223,21.02790755,1827,0.04914
726,1713378600000,1713379499999,0.04913,0.04923,0.04907,0.04919,389.1958,19.13374123,1463,0.04913
727,1713379500000,1713380399999,0.04919,0.04926,0.04917,0.04924,197.4615,9.71874574,837,0.04919
728,1713380400000,1713381299999,0.04925,0.0493,0.04919,0.04922,399.7734,19.69308223,1134,0.04925
729,1713381300000,1713382199999,0.04921,0.04927,0.04912,0.04919,1830.001,90.02638068,2839,0.04921
730,1713382200000,1713383099999,0.04919,0.0492,0.04906,0.04915,461.4782,22.67439789,1183,0.04919
731,1713383100000,1713383999999,0.04915,0.04921,0.04909,0.04918,209.8693,10.31645547,855,0.04915
732,1713384000000,1713384899999,0.04919,0.04922,0.04909,0.0491,1095.185,53.85324531,2445,0.04919
733,1713384900000,1713385799999,0.0491,0.04912,0.04896,0.04896,327.4093,16.06173121,1309,0.0491
734,1713385800000,1713386699999,0.04896,0.04897,0.04889,0.04892,205.1108,10.03443102,764,0.04896
735,1713386700000,1713387599999,0.04892,0.04892,0.04877,0.04885,317.6412,15.51171227,1501,0.04892
736,1713387600000,1713388499999,0.04885,0.04892,0.04883,0.04884,216.1563,10.56332999,919,0.04885
737,1713388500000,1713389399999,0.04883,0.04895,0.04878,0.04892,383.677,18.73658357,1226,0.04883
738,1713389400000,1713390299999,0.04892,0.04895,0.04888,0.04889,213.4462,10.44278870,800,0.04892
739,1713390300000,1713391199999,0.0489,0.04893,0.04885,0.04892,195.6096,9.56513823,974,0.0489
740,1713391200000,1713392099999,0.04892,0.04892,0.04881,0.04883,126.9734,6.20126610,678,0.04892
741,1713392100000,1713392999999,0.04882,0.04883,0.04875,0.04876,155.2226,7.57104652,522,0.04882
742,1713393000000,1713393899999,0.04876,0.04884,0.04871,0.04878,233.5768,11.39176185,889,0.04876
743,1713393900000,1713394799999,0.04878,0.04879,0.04874,0.04876,69.083,3.36905472,389,0.04878
744,1713394800000,1713395699999,0.04877,0.04881,0.04871,0.04877,129.2436,6.30166162,544,0.04877
745,1713395700000,1713396599999,0.04876,0.04876,0.0486,0.04866,397.6986,19.35086348,1563,0.04876
746,1713396600000,1713397499999,0.04867,0.0487,0.04862,0.04865,157.6799,7.67268343,493,0.04867
747,1713397500000,1713398399999,0.04864,0.04872,0.0486,0.04872,127.8222,6.22021711,535,0.04864
748,1713398400000,1713399299999,0.04871,0.04877,0.04868,0.0487,319.4739,15.56983136,1155,0.04871
749,1713399300000,1713400199999,0.04869,0.0487,0.04848,0.04851,694.2618,33.70572932,2981,0.04869
750,1713400200000,1713401099999,0.04851,0.04855,0.04844,0.04854,539.6097,26.16424335,1460,0.04851
751,1713401100000,1713401999999,0.04853,0.04865,0.04853,0.04864,222.8659,10.82899256,930,0.04853
752,1713402000000,1713402899999,0.04865,0.04885,0.04861,0.04885,247.9445,12.09197816,1556,0.04865
753,1713402900000,1713403799999,0.04885,0.04887,0.04878,0.0488,219.3137,10.70630230,811,0.04885
754,1713403800000,1713404699999,0.0488,0.0488,0.04863,0.04865,184.2594,8.97243548,1004,0.0488
755,1713404700000,1713405599999,0.04864,0.04872,0.04861,0.04871,215.1741,10.46982137,896,0.04864
756,1713405600000,1713406499999,0.04871,0.04873,0.04865,0.04869,181.476,8.83575778,636,0.04871
757,1713406500000,1713407399999,0.04868,0.04876,0.04861,0.04875,197.7798,9.62713703,774,0.04868
758,1713407400000,1713408299999,0.04875,0.04885,0.0487,0.04883,142.6961,6.96199499,745,0.04875
759,1713408300000,1713409199999,0.04884,0.04885,0.04878,0.04882,172.0756,8.40020873,459,0.04884
760,1713409200000,1713410099999,0.04882,0.04887,0.04878,0.04882,236.5399,11.54847772,995,0.04882
761,1713410100000,1713410999999,0.04881,0.04882,0.04869,0.04875,204.1075,9.94995345,885,0.04881
762,1713411000000,1713411899999,0.04876,0.04879,0.04872,0.04876,262.1124,12.78235065,897,0.04876
763,1713411900000,1713412799999,0.04876,0.04881,0.04875,0.0488,116.7445,5.69436373,389,0.04876
764,1713412800000,1713413699999,0.04881,0.04884,0.04877,0.04884,180.0661,8.78764308,560,0.04881
765,1713413700000,1713414599999,0.04884,0.0489,0.04882,0.04885,179.4851,8.77090865,660,0.04884
766,1713414600000,1713415499999,0.04885,0.04896,0.04884,0.04894,338.2387,16.54612139,1298,0.04885
767,1713415500000,1713416399999,0.04894,0.04898,0.0488,0.0489,543.6159,26.57784507,1802,0.04894
768,1713416400000,1713417299999,0.0489,0.04891,0.04885,0.04889,185.1311,9.04840232,679,0.0489
769,1713417300000,1713418199999,0.04889,0.0489,0.04885,0.0489,137.125,6.70203147,431,0.04889
770,1713418200000,1713419099999,0.0489,0.04898,0.04885,0.04895,416.66,20.38023846,1312,0.0489
771,1713419100000,1713419999999,0.04895,0.04897,0.04882,0.04885,361.7354,17.68275556,1168,0.04895
772,1713420000000,1713420899999,0.04885,0.04885,0.04868,0.0487,494.1769,24.08066000,1398,0.04885
773,1713420900000,1713421799999,0.0487,0.04871,0.04861,0.04862,221.1682,10.76364485,904,0.0487
774,1713421800000,1713422699999,0.04861,0.04863,0.04856,0.0486,361.6968,17.57795181,1004,0.04861
775,1713422700000,1713423599999,0.0486,0.04865,0.0486,0.04862,146.7208,7.13416489,375,0.0486
776,1713423600000,1713424499999,0.04862,0.04869,0.04858,0.04869,247.1419,12.02135049,580,0.04862
777,1713424500000,1713425399999,0.0487,0.04872,0.04866,0.04869,120.6273,5.87330724,374,0.0487
778,1713425400000,1713426299999,0.04869,0.04873,0.04861,0.04871,259.3388,12.61551572,618,0.04869
779,1713426300000,1713427199999,0.04872,0.04872,0.0486,0.04863,145.0015,7.05411322,646,0.04872
780,1713427200000,1713428099999,0.04863,0.04867,0.04857,0.04859,255.7567,12.43366363,1065,0.04863
781,1713428100000,1713428999999,0.04858,0.04864,0.04854,0.04857,267.132,12.97817517,875,0.04858
782,1713429000000,1713429899999,0.04858,0.04865,0.04858,0.0486,263.1855,12.79329097,787,0.04858
783,1713429900000,1713430799999,0.04859,0.04866,0.04858,0.04865,101.829,4.95130707,483,0.04859
784,1713430800000,1713431699999,0.04865,0.04875,0.04863,0.04875,288.7131,14.05681604,1043,0.04865
785,1713431700000,1713432599999,0.04874,0.04882,0.04871,0.04879,709.4968,34.61733054,1526,0.04874
786,1713432600000,1713433499999,0.04878,0.04886,0.04875,0.04876,523.2294,25.53032239,1767,0.04878
787,1713433500000,1713434399999,0.04877,0.04883,0.04875,0.0488,126.0783,6.15171045,418,0.04877
788,1713434400000,1713435299999,0.0488,0.0488,0.04873,0.04873,99.8981,4.87195080,689,0.0488
789,1713435300000,1713436199999,0.04873,0.04879,0.04872,0.04873,180.8061,8.81522619,705,0.04873
790,1713436200000,1713437099999,0.04873,0.04877,0.04871,0.04876,182.969,8.91803893,459,0.04873
791,1713437100000,1713437999999,0.04876,0.04876,0.04864,0.04872,155.2776,7.56082116,1273,0.04876
792,1713438000000,1713438899999,0.04872,0.04872,0.04853,0.04854,579.9143,28.19425326,1698,0.04872
793,1713438900000,1713439799999,0.04853,0.04873,0.04853,0.04856,909.7713,44.24780452,2439,0.04853
794,1713439800000,1713440699999,0.04857,0.04871,0.04855,0.04871,291.5534,14.17565946,1163,0.04857
795,1713440700000,1713441599999,0.04871,0.04873,0.04859,0.04867,165.1667,8.03618522,1022,0.04871
796,1713441600000,1713442499999,0.04866,0.0487,0.04862,0.04864,174.5581,8.49411440,924,0.04866
797,1713442500000,1713443399999,0.04863,0.04868,0.04852,0.04853,393.6779,19.13431133,1325,0.04863
798,1713443400000,1713444299999,0.04854,0.04863,0.04847,0.0486,762.6287,37.01841834,2112,0.04854
799,1713444300000,1713445199999,0.04859,0.04864,0.04855,0.04861,187.9427,9.13440490,883,0.04859
800,1713445200000,1713446099999,0.04861,0.04867,0.04855,0.04859,409.6473,19.91359307,1962,0.04861
801,1713446100000,1713446999999,0.0486,0.04866,0.04856,0.04856,231.3217,11.24767114,1175,0.0486
802,1713447000000,1713447899999,0.04857,0.04863,0.04849,0.0485,323.1104,15.69388548,1540,0.04857
803,1713447900000,1713448799999,0.04849,0.04862,0.04848,0.04856,327.711,15.90958529,1074,0.04849
804,1713448800000,1713449699999,0.04856,0.04856,0.04837,0.04844,805.4788,39.02454412,2820,0.04856
805,1713449700000,1713450599999,0.04844,0.0485,0.04832,0.04837,1076.3054,52.08971179,3043,0.04844
806,1713450600000,1713451499999,0.04836,0.04839,0.04823,0.04827,1946.4723,94.02924329,4547,0.04836
807,1713451500000,1713452399999,0.04827,0.04834,0.04822,0.04825,781.3253,37.71516551,2050,0.04827
808,1713452400000,1713453299999,0.04826,0.04837,0.04816,0.0482,697.0402,33.63049149,2365,0.04826
809,1713453300000,1713454199999,0.0482,0.04822,0.04809,0.04812,596.1074,28.70505523,1450,0.0482
810,1713454200000,1713455099999,0.04812,0.04815,0.04807,0.04814,589.0849,28.34047842,1011,0.04812
811,1713455100000,1713455999999,0.04814,0.04835,0.04814,0.04833,767.9515,37.06507433,1671,0.04814
812,1713456000000,1713456899999,0.04834,0.04837,0.0483,0.04837,252.0609,12.18410602,883,0.04834
813,1713456900000,1713457799999,0.04836,0.04838,0.04826,0.04827,271.6973,13.12552883,1036,0.04836
814,1713457800000,1713458699999,0.04827,0.04827,0.04819,0.04826,277.8284,13.40091124,796,0.04827
815,1713458700000,1713459599999,0.04826,0.04827,0.04813,0.04818,163.0025,7.86044672,811,0.04826
816,1713459600000,1713460499999,0.04818,0.04824,0.04815,0.04818,206.1521,9.93600289,679,0.04818
817,1713460500000,1713461399999,0.04818,0.04824,0.04817,0.04818,318.6347,15.35964831,766,0.04818
818,1713461400000,1713462299999,0.04818,0.04836,0.04816,0.04836,499.3578,24.10605541,1209,0.04818
819,1713462300000,1713463199999,0.04837,0.04844,0.04826,0.04839,488.136,23.60799439,1606,0.04837
820,1713463200000,1713464099999,0.0484,0.04844,0.04836,0.04839,213.6403,10.34071812,821,0.0484
821,1713464100000,1713464999999,0.04838,0.04842,0.04824,0.04831,232.366,11.23119139,990,0.04838
822,1713465000000,1713465899999,0.04831,0.04842,0.04829,0.04836,265.481,12.84271734,1156,0.04831
823,1713465900000,1713466799999,0.04835,0.04842,0.04833,0.04836,126.3363,6.11273509,529,0.04835
824,1713466800000,1713467699999,0.04836,0.04837,0.04827,0.04836,197.6225,9.54758739,1062,0.04836
825,1713467700000,1713468599999,0.04836,0.04837,0.04831,0.04836,81.3695,3.93428436,514,0.04836
826,1713468600000,1713469499999,0.04835,0.04839,0.04829,0.04834,136.188,6.58359086,647,0.04835
827,1713469500000,1713470399999,0.04833,0.04834,0.04821,0.04826,165.437,7.98649540,784,0.04833
828,1713470400000,1713471299999,0.04826,0.04838,0.04826,0.04837,216.8743,10.48313829,837,0.04826
829,1713471300000,1713472199999,0.04837,0.04839,0.04833,0.04833,173.7763,8.40264385,426,0.04837
830,1713472200000,1713473099999,0.04833,0.04836,0.04821,0.04829,293.7968,14.18521139,744,0.04833
831,1713473100000,1713473999999,0.04829,0.04833,0.04823,0.04833,97.2257,4.69325281,472,0.04829
832,1713474000000,1713474899999,0.04832,0.04834,0.04824,0.04826,113.1068,5.46040712,615,0.04832
833,1713474900000,1713475799999,0.04826,0.04834,0.04818,0.04834,298.1548,14.38928115,1081,0.04826
834,1713475800000,1713476699999,0.04834,0.04835,0.04827,0.04828,138.1811,6.67421296,512,0.04834
835,1713476700000,1713477599999,0.04827,0.04834,0.04824,0.04829,374.854,18.09831202,740,0.04827
836,1713477600000,1713478499999,0.04829,0.04834,0.04825,0.04833,421.4955,20.35881429,653,0.04829
837,1713478500000,1713479399999,0.04832,0.04839,0.04828,0.04828,345.7053,16.71471529,708,0.04832
838,1713479400000,1713480299999,0.04828,0.0484,0.04826,0.04837,163.1721,7.88855215,634,0.04828
839,1713480300000,1713481199999,0.04836,0.04838,0.04829,0.04834,140.8044,6.80575226,504,0.04836
840,1713481200000,1713482099999,0.04834,0.04836,0.04832,0.04834,95.2202,4.60304719,285,0.04834
841,1713482100000,1713482999999,0.04835,0.04836,0.0483,0.04832,144.2535,6.96975815,311,0.04835
842,1713483000000,1713483899999,0.04833,0.04836,0.04831,0.04832,86.1208,4.16268504,297,0.04833
843,1713483900000,1713484799999,0.04831,0.04833,0.04828,0.04829,567.6123,27.41081090,1023,0.04831
844,1713484800000,1713485699999,0.04828,0.04845,0.04827,0.04843,227.1436,10.98972425,859,0.04828
845,1713485700000,1713486599999,0.04843,0.04846,0.04841,0.04844,108.2915,5.24572937,482,0.04843
846,1713486600000,1713487499999,0.04845,0.04857,0.04844,0.04854,356.2851,17.28993794,1086,0.04845
847,1713487500000,1713488399999,0.04855,0.04855,0.04845,0.0485,170.4095,8.26393533,710,0.04855
848,1713488400000,1713489299999,0.0485,0.04856,0.04846,0.0485,375.5867,18.21719953,1431,0.0485
849,1713489300000,1713490199999,0.0485,0.04859,0.04847,0.04851,346.9666,16.83756169,1047,0.0485
850,1713490200000,1713491099999,0.04852,0.04853,0.04809,0.04817,1641.412,79.23958168,6703,0.04852
851,1713491100000,1713491999999,0.04817,0.04837,0.04811,0.04819,746.0777,35.99686917,2760,0.04817
852,1713492000000,1713492899999,0.0482,0.04821,0.04806,0.04814,653.0783,31.42980216,2502,0.0482
853,1713492900000,1713493799999,0.04815,0.04834,0.04809,0.0482,1596.776,76.98686148,5416,0.04815
854,1713493800000,1713494699999,0.0482,0.04821,0.04784,0.04794,1384.0898,66.45701654,6111,0.0482
855,1713494700000,1713495599999,0.04794,0.04798,0.04783,0.04798,1198.2606,57.39821417,3964,0.04794
856,1713495600000,1713496499999,0.04798,0.04827,0.04795,0.04823,912.8567,43.93923057,3669,0.04798
857,1713496500000,1713497399999,0.04823,0.04837,0.04814,0.04836,827.8255,39.93242403,2505,0.04823
858,1713497400000,1713498299999,0.04836,0.04838,0.04819,0.04825,366.1534,17.67157010,1319,0.04836
859,1713498300000,1713499199999,0.04826,0.04828,0.04815,0.04822,281.6751,13.57859294,1130,0.04826
860,1713499200000,1713500099999,0.04822,0.04825,0.04809,0.04813,528.9729,25.48333443,2007,0.04822
861,1713500100000,1713500999999,0.04814,0.0482,0.04803,0.04814,345.0901,16.60362616,1409,0.04814
862,1713501000000,1713501899999,0.04814,0.04827,0.04807,0.04808,703.3431,33.88348234,2214,0.04814
863,1713501900000,1713502799999,0.04808,0.04813,0.04804,0.04813,188.4106,9.05940401,591,0.04808
864,1713502800000,1713503699999,0.04813,0.04825,0.0481,0.04824,359.1469,17.30223964,983,0.04813
865,1713503700000,1713504599999,0.04823,0.04833,0.04819,0.04831,348.6201,16.82383119,1164,0.04823
866,1713504600000,1713505499999,0.0483,0.04834,0.04826,0.04829,342.7925,16.55503941,890,0.0483
867,1713505500000,1713506399999,0.04829,0.04839,0.04829,0.04834,374.9503,18.12805127,1197,0.04829
868,1713506400000,1713507299999,0.04835,0.04839,0.04831,0.04835,296.6583,14.34250581,881,0.04835
869,1713507300000,1713508199999,0.04836,0.0484,0.04833,0.04835,103.4327,5.00208519,380,0.04836
870,1713508200000,1713509099999,0.04834,0.04839,0.04807,0.04808,1175.9955,56.72217999,3411,0.04834
871,1713509100000,1713509999999,0.04807,0.04817,0.04785,0.04803,2079.6266,99.82285010,6347,0.04807
872,1713510000000,1713510899999,0.04802,0.04822,0.048,0.04803,1389.8955,66.83683552,4056,0.04802
873,1713510900000,1713511799999,0.04804,0.04807,0.0477,0.04774,1131.0211,54.09876797,4044,0.04804
874,1713511800000,1713512699999,0.04775,0.04784,0.04772,0.04783,296.6324,14.17620918,910,0.04775
875,1713512700000,1713513599999,0.04782,0.04782,0.0477,0.04779,1135.9414,54.28434537,2853,0.04782
876,1713513600000,1713514499999,0.04778,0.04795,0.0477,0.04793,787.764,37.66955896,2438,0.04778
877,1713514500000,1713515399999,0.04794,0.04804,0.04786,0.04787,864.3492,41.46870686,2513,0.04794
878,1713515400000,1713516299999,0.04787,0.04809,0.04784,0.04807,967.7636,46.41702888,3210,0.04787
879,1713516300000,1713517199999,0.04807,0.0482,0.04807,0.04814,231.2027,11.13003154,996,0.04807
880,1713517200000,1713518099999,0.04814,0.04814,0.04802,0.04806,178.3735,8.57712452,951,0.04814
881,1713518100000,1713518999999,0.04807,0.04809,0.04794,0.04795,324.6711,15.58776558,1095,0.04807
882,1713519000000,1713519899999,0.04795,0.04796,0.04785,0.04786,233.2036,11.17239782,904,0.04795
883,1713519900000,1713520799999,0.04787,0.04792,0.04781,0.04789,221.1944,10.58372261,985,0.04787
884,1713520800000,1713521699999,0.0479,0.04792,0.04782,0.04782,392.0934,18.76703382,1088,0.0479
885,1713521700000,1713522599999,0.04783,0.04783,0.04775,0.04777,215.1544,10.28257235,999,0.04783
886,1713522600000,1713523499999,0.04777,0.04791,0.04774,0.04789,326.4619,15.61166526,908,0.04777
887,1713523500000,1713524399999,0.04789,0.04791,0.04784,0.04784,188.0273,9.00107271,614,0.04789
888,1713524400000,1713525299999,0.04784,0.04795,0.04777,0.04785,308.6867,14.76822900,1246,0.04784
889,1713525300000,1713526199999,0.04785,0.04787,0.04775,0.04779,163.351,7.81027580,694,0.04785
890,1713526200000,1713527099999,0.04778,0.04778,0.0476,0.04768,702.9502,33.51213004,2464,0.04778
891,1713527100000,1713527999999,0.04768,0.04783,0.04768,0.04782,290.3077,13.86576959,975,0.04768
892,1713528000000,1713528899999,0.04783,0.04783,0.04766,0.0477,369.5626,17.63488526,1129,0.04783
893,1713528900000,1713529799999,0.0477,0.04773,0.04756,0.04772,498.1395,23.72529110,1764,0.0477
894,1713529800000,1713530699999,0.04773,0.04775,0.04768,0.04768,201.7332,9.62604232,678,0.04773
895,1713530700000,1713531599999,0.04767,0.04773,0.0476,0.04772,440.371,20.99482856,1336,0.04767
896,1713531600000,1713532499999,0.04772,0.04775,0.04765,0.0477,542.3301,25.86813368,1844,0.04772
897,1713532500000,1713533399999,0.0477,0.04782,0.04769,0.04779,372.4202,17.78301131,1071,0.0477
898,1713533400000,1713534299999,0.04778,0.04788,0.04777,0.04778,315.8243,15.10730213,1206,0.04778
899,1713534300000,1713535199999,0.04777,0.04781,0.04772,0.04773,296.9483,14.18493686,906,0.04777
900,1713535200000,1713536099999,0.04773,0.0478,0.04771,0.04778,362.575,17.30844261,1032,0.04773
901,1713536100000,1713536999999,0.04778,0.04786,0.04774,0.04784,364.5519,17.43271743,1311,0.04778
902,1713537000000,1713537899999,0.04785,0.04791,0.04781,0.04783,317.6736,15.20551927,1549,0.04785
903,1713537900000,1713538799999,0.04782,0.04787,0.04778,0.0478,248.8968,11.90019294,760,0.04782
904,1713538800000,1713539699999,0.0478,0.04783,0.04775,0.04779,132.2081,6.31887370,767,0.0478
905,1713539700000,1713540599999,0.04778,0.04788,0.04777,0.04785,147.8214,7.07011906,511,0.04778
906,1713540600000,1713541499999,0.04785,0.04789,0.04781,0.04787,334.1757,15.98811993,984,0.04785
907,1713541500000,1713542399999,0.04787,0.04787,0.04778,0.0478,274.1179,13.10770894,726,0.04787
908,1713542400000,1713543299999,0.0478,0.04787,0.0478,0.04782,171.1589,8.18783811,662,0.0478
909,1713543300000,1713544199999,0.04782,0.04796,0.04781,0.04791,1091.4167,52.28541365,2730,0.04782
910,1713544200000,1713545099999,0.04791,0.04794,0.04787,0.04788,358.7291,17.18634619,990,0.04791
911,1713545100000,1713545999999,0.04788,0.04792,0.04783,0.04789,388.1433,18.58328203,1133,0.04788
912,1713546000000,1713546899999,0.0479,0.0479,0.04776,0.04779,334.798,16.00556598,1582,0.0479
913,1713546900000,1713547799999,0.04778,0.0479,0.04777,0.04782,1622.3768,77.60796989,4283,0.04778
914,1713547800000,1713548699999,0.04783,0.04784,0.04772,0.04775,733.2466,35.04036472,2283,0.04783
915,1713548700000,1713549599999,0.04775,0.04778,0.04766,0.04766,278.3277,13.28303100,1542,0.04775
916,1713549600000,1713550499999,0.04766,0.04779,0.04763,0.04778,311.6663,14.86780552,960,0.04766
917,1713550500000,1713551399999,0.04779,0.04789,0.04777,0.04789,228.2544,10.91653260,778,0.04779
918,1713551400000,1713552299999,0.04789,0.04792,0.04782,0.04788,309.5728,14.81628462,1383,0.04789
919,1713552300000,1713553199999,0.04789,0.04792,0.04782,0.04792,139.5727,6.68168996,876,0.04789
920,1713553200000,1713554099999,0.04792,0.048,0.04792,0.04795,195.8045,9.38975598,903,0.04792
921,1713554100000,1713554999999,0.04795,0.04801,0.04794,0.04798,271.8213,13.04286210,1295,0.04795
922,1713555000000,1713555899999,0.04798,0.04811,0.04798,0.0481,218.4464,10.49340178,991,0.04798
923,1713555900000,1713556799999,0.0481,0.04831,0.0481,0.04825,888.7834,42.85722723,2805,0.0481
924,1713556800000,1713557699999,0.04825,0.04826,0.04816,0.04821,207.7421,10.01222133,825,0.04825
925,1713557700000,1713558599999,0.04821,0.04827,0.04821,0.04823,96.9387,4.67602523,442,0.04821
926,1713558600000,1713559499999,0.04824,0.04826,0.04817,0.04821,536.6565,25.87838030,1656,0.04824
927,1713559500000,1713560399999,0.04821,0.04823,0.04807,0.04807,240.6234,11.58842009,857,0.04821
928,1713560400000,1713561299999,0.04807,0.04814,0.04806,0.04814,304.37,14.64233387,640,0.04807
929,1713561300000,1713562199999,0.04814,0.04816,0.04808,0.04809,166.8436,8.02908950,576,0.04814
930,1713562200000,1713563099999,0.04809,0.04815,0.04806,0.04813,108.3657,5.21417075,491,0.04809
931,1713563100000,1713563999999,0.04813,0.04821,0.04811,0.04813,152.0388,7.32176977,805,0.04813
932,1713564000000,1713564899999,0.04813,0.04818,0.04812,0.04815,130.8212,6.29881103,505,0.04813
933,1713564900000,1713565799999,0.04815,0.04818,0.04811,0.04816,186.2183,8.96551491,522,0.04815
934,1713565800000,1713566699999,0.04816,0.04817,0.04797,0.048,463.8493,22.28388929,1757,0.04816
935,1713566700000,1713567599999,0.048,0.04802,0.04793,0.04795,238.3381,11.43381035,895,0.048
936,1713567600000,1713568499999,0.04795,0.04801,0.04782,0.04793,1131.07,54.20044043,4074,0.04795
937,1713568500000,1713569399999,0.04793,0.04799,0.04791,0.04796,196.5055,9.42605981,595,0.04793
938,1713569400000,1713570299999,0.04796,0.04798,0.04791,0.04792,256.4885,12.29961232,868,0.04796
939,1713570300000,1713571199999,0.04793,0.04795,0.04788,0.0479,153.5585,7.35762615,679,0.04793
940,1713571200000,1713572099999,0.0479,0.04791,0.04784,0.04786,470.8464,22.54412315,749,0.0479
941,1713572100000,1713572999999,0.04785,0.04791,0.0478,0.04783,462.0684,22.10734060,1552,0.04785
942,1713573000000,1713573899999,0.04783,0.04783,0.04773,0.04775,271.4118,12.96732573,910,0.04783
943,1713573900000,1713574799999,0.04775,0.04779,0.04766,0.04777,552.2862,26.35098458,1723,0.04775
944,1713574800000,1713575699999,0.04777,0.04786,0.04772,0.04774,424.4733,20.28765001,1523,0.04777
945,1713575700000,1713576599999,0.04775,0.04789,0.04773,0.04788,118.267,5.65417088,577,0.04775
946,1713576600000,1713577499999,0.04788,0.04796,0.04787,0.04795,92.9681,4.45400642,468,0.04788
947,1713577500000,1713578399999,0.04796,0.04796,0.04792,0.04793,68.9063,3.30353635,346,0.04796
948,1713578400000,1713579299999,0.04793,0.04795,0.0479,0.04793,44.234,2.11991180,298,0.04793
949,1713579300000,1713580199999,0.04793,0.04796,0.04792,0.04794,35.908,1.72122856,199,0.04793
950,1713580200000,1713581099999,0.04794,0.04794,0.04783,0.04784,92.9845,4.45100401,552,0.04794
951,1713581100000,1713581999999,0.04783,0.04786,0.04782,0.04783,89.9337,4.30241344,357,0.04783
952,1713582000000,1713582899999,0.04784,0.04786,0.04772,0.04774,672.7954,32.12304104,1333,0.04784
953,1713582900000,1713583799999,0.04774,0.04778,0.04772,0.04772,473.0449,22.59056657,807,0.04774
954,1713583800000,1713584699999,0.04772,0.04775,0.0477,0.04773,231.6192,11.05030026,452,0.04772
955,1713584700000,1713585599999,0.04773,0.04778,0.04772,0.04778,91.3439,4.36272951,295,0.04773
956,1713585600000,1713586499999,0.04777,0.04782,0.04777,0.04777,62.8879,3.00537722,289,0.04777
957,1713586500000,1713587399999,0.04778,0.04783,0.04776,0.04782,115.6477,5.52673783,458,0.04778
958,1713587400000,1713588299999,0.04783,0.04784,0.04775,0.04776,60.1414,2.87397958,378,0.04783
959,1713588300000,1713589199999,0.04775,0.04779,0.0477,0.04778,243.0297,11.60194844,890,0.04775
960,1713589200000,1713590099999,0.04778,0.04781,0.04777,0.04778,45.9838,2.19742813,225,0.04778
961,1713590100000,1713590999999,0.04779,0.0478,0.04775,0.04775,96.9768,4.63293763,335,0.04779
962,1713591000000,1713591899999,0.04776,0.04779,0.04772,0.04776,105.0916,5.01840019,376,0.04776
963,1713591900000,1713592799999,0.04775,0.04776,0.04771,0.04775,115.2363,5.50066204,529,0.04775
964,1713592800000,1713593699999,0.04774,0.0478,0.04772,0.04776,294.7998,14.08269833,730,0.04774
965,1713593700000,1713594599999,0.04776,0.0478,0.04773,0.04779,82.2167,3.92769464,320,0.04776
966,1713594600000,1713595499999,0.0478,0.04782,0.04779,0.04781,138.7956,6.63596990,401,0.0478
967,1713595500000,1713596399999,0.04781,0.04785,0.04779,0.04785,264.678,12.65737282,598,0.04781
968,1713596400000,1713597299999,0.04785,0.04787,0.04783,0.04783,136.2797,6.52124076,399,0.04785
969,1713597300000,1713598199999,0.04783,0.04786,0.0478,0.04783,263.1863,12.58800378,736,0.04783
970,1713598200000,1713599099999,0.04783,0.04786,0.04781,0.04785,69.8477,3.34084195,307,0.04783
971,1713599100000,1713599999999,0.04785,0.04787,0.04784,0.04784,72.7291,3.48036219,216,0.04785
972,1713600000000,1713600899999,0.04785,0.04786,0.04779,0.04783,129.4997,6.19287377,601,0.04785
973,1713600900000,1713601799999,0.04783,0.04784,0.04779,0.04782,261.5411,12.50480844,417,0.04783
974,1713601800000,1713602699999,0.04781,0.04783,0.0478,0.04781,175.9695,8.41249767,331,0.04781
975,1713602700000,1713603599999,0.04782,0.04785,0.0478,0.04785,177.4526,8.48707729,505,0.04782
976,1713603600000,1713604499999,0.04785,0.04787,0.04773,0.04785,271.9599,13.00018620,1179,0.04785
977,1713604500000,1713605399999,0.04785,0.04788,0.04782,0.04787,166.4392,7.96432674,803,0.04785
978,1713605400000,1713606299999,0.04786,0.04787,0.04781,0.04786,82.4307,3.94335736,350,0.04786
979,1713606300000,1713607199999,0.04786,0.0479,0.04783,0.04785,211.9843,10.14624641,696,0.04786
980,1713607200000,1713608099999,0.04785,0.04785,0.04778,0.0478,104.2314,4.98376974,573,0.04785
981,1713608100000,1713608999999,0.04781,0.04785,0.04778,0.04778,115.1758,5.50746815,539,0.04781
982,1713609000000,1713609899999,0.04777,0.04779,0.04775,0.04777,30.4091,1.45268839,296,0.04777
983,1713609900000,1713610799999,0.04777,0.04781,0.04777,0.04779,58.2204,2.78237306,363,0.04777
984,1713610800000,1713611699999,0.04779,0.04781,0.04777,0.0478,52.2781,2.49845843,327,0.04779
985,1713611700000,1713612599999,0.04779,0.04782,0.04778,0.04781,106.74,5.10202032,476,0.04779
986,1713612600000,1713613499999,0.04782,0.04788,0.04782,0.04786,70.5628,3.37639747,722,0.04782
987,1713613500000,1713614399999,0.04787,0.04789,0.04783,0.04783,69.7702,3.33863064,509,0.04787
988,1713614400000,1713615299999,0.04784,0.04786,0.04782,0.04784,117.9984,5.64392293,506,0.04784
989,1713615300000,1713616199999,0.04784,0.04787,0.04782,0.04784,85.0983,4.07164428,592,0.04784
990,1713616200000,1713617099999,0.04785,0.04799,0.04784,0.04797,203.8479,9.77280400,1232,0.04785
991,1713617100000,1713617999999,0.04797,0.04799,0.04793,0.04793,124.6654,5.98039799,824,0.04797
992,1713618000000,1713618899999,0.04794,0.04795,0.04788,0.04793,144.6568,6.93180449,1118,0.04794
993,1713618900000,1713619799999,0.04794,0.04798,0.04792,0.04792,86.9612,4.16956218,509,0.04794
994,1713619800000,1713620699999,0.04792,0.04795,0.04791,0.04793,48.4435,2.32203313,430,0.04792
995,1713620700000,1713621599999,0.04793,0.04794,0.0479,0.04793,282.112,13.51917415,877,0.04793
996,1713621600000,1713622499999,0.04794,0.04795,0.04791,0.04792,70.1207,3.36079961,304,0.04794
997,1713622500000,1713623399999,0.04793,0.04798,0.04791,0.04795,67.326,3.22838127,400,0.04793
998,1713623400000,1713624299999,0.04796,0.04796,0.0479,0.04793,90.5913,4.34081751,643,0.04796
999,1713624300000,1713625199999,0.04792,0.04796,0.04791,0.04796,63.3836,3.03888865,315,0.04792
