id,country_id,date,inflation,interest_rate
1,213,2023-11-01,3.7,0.0
2,213,2023-10-01,3.7,2.08
3,213,2023-09-01,3.7,1.7
4,213,2023-08-01,3.7,1.6
5,213,2023-07-01,3.2,1.43
6,213,2023-06-01,3.0,1.06
7,213,2023-05-01,4.0,1.54
8,213,2023-04-01,4.9,1.44
9,213,2023-03-01,5.0,2.06
10,213,2023-02-01,6.0,1.42
11,213,2023-01-01,6.4,1.78
12,213,2022-12-01,6.5,1.58
13,213,2022-11-01,7.1,1.93
14,213,2022-10-01,7.7,1.8
15,213,2022-09-01,8.2,1.2
16,213,2022-08-01,8.3,0.86
17,213,2022-07-01,8.5,1.06
18,213,2022-06-01,9.1,1.03
19,213,2022-05-01,8.6,1.2
20,213,2022-04-01,8.3,0.95
21,213,2022-03-01,8.5,0.35
22,213,2022-02-01,7.9,0.44
23,213,2022-01-01,7.5,0.32
24,213,2021-12-01,7.0,0.09
25,213,2021-11-01,6.8,0.16
26,213,2021-10-01,6.2,0.09
27,213,2021-09-01,5.4,-0.19
28,213,2021-08-01,5.3,-0.26
29,213,2021-07-01,5.4,0.04
30,213,2021-06-01,5.4,-0.01
31,213,2021-05-01,5.0,0.04
32,213,2021-04-01,4.2,0.12
33,213,2021-03-01,2.6,0.01
34,213,2021-02-01,1.7,-0.23
35,213,2021-01-01,1.4,-0.24
36,213,2020-12-01,1.4,-0.23
37,213,2020-11-01,1.2,-0.21
38,213,2020-10-01,1.2,-0.29
39,213,2020-09-01,1.4,-0.34
40,213,2020-08-01,1.3,-0.41
41,213,2020-07-01,1.0,-0.35
42,213,2020-06-01,0.6,-0.15
43,213,2020-05-01,0.1,-0.03
44,213,2020-04-01,0.3,-0.11
45,213,2020-03-01,1.5,-0.13
46,213,2020-02-01,2.3,0.32
47,213,2020-01-01,2.5,0.51
48,213,2019-12-01,2.3,0.51
49,213,2019-11-01,2.1,0.43
50,213,2019-10-01,1.8,0.37
51,213,2019-09-01,1.7,0.24
52,213,2019-08-01,1.7,0.42
53,213,2019-07-01,1.8,0.44
54,213,2019-06-01,1.6,0.42
55,213,2019-05-01,1.8,0.54
56,213,2019-04-01,2.0,0.42
57,213,2019-03-01,1.9,0.52
58,213,2019-02-01,1.5,1.07
59,213,2019-01-01,1.6,1.04
60,213,2018-12-01,1.9,1.25
61,213,2018-11-01,2.2,1.31
62,213,2018-10-01,2.5,1.3
63,213,2018-09-01,2.3,1.13
64,213,2018-08-01,2.7,1.26
65,213,2018-07-01,2.9,1.16
66,213,2018-06-01,2.9,1.25
67,213,2018-05-01,2.8,1.22
68,213,2018-04-01,2.5,1.01
69,213,2018-03-01,2.4,1.03
70,213,2018-02-01,2.2,1.09
71,213,2018-01-01,2.1,0.87
72,213,2017-12-01,2.1,0.57
73,213,2017-11-01,2.2,0.75
74,213,2017-10-01,2.0,0.73
75,213,2017-09-01,2.2,0.57
76,213,2017-08-01,1.9,0.67
77,213,2017-07-01,1.7,0.73
78,213,2017-06-01,1.6,0.74
79,213,2017-05-01,1.9,0.78
80,213,2017-04-01,2.2,0.77
81,213,2017-03-01,2.4,0.92
82,213,2017-02-01,2.7,0.77
83,213,2017-01-01,2.5,0.73
84,213,2016-12-01,2.1,0.7
85,213,2016-11-01,1.7,0.35
86,213,2016-10-01,1.6,0.29
87,213,2016-09-01,1.5,0.22
88,213,2016-08-01,1.1,0.23
89,213,2016-07-01,0.8,0.17
90,213,2016-06-01,1.0,0.52
91,213,2016-05-01,1.0,0.41
92,213,2016-04-01,1.1,0.35
93,213,2016-03-01,0.9,0.55
94,213,2016-02-01,1.0,0.54
95,213,2016-01-01,1.4,0.73
96,213,2015-12-01,0.7,0.65
97,213,2015-11-01,0.5,0.67
98,213,2015-10-01,0.2,0.53
99,213,2015-09-01,0.0,0.51
100,213,2015-08-01,0.2,0.55
101,213,2015-07-01,0.2,0.67
102,213,2015-06-01,0.1,0.55
103,213,2015-05-01,0.0,0.53
104,213,2015-04-01,-0.2,0.41
105,213,2015-03-01,-0.1,0.75
106,213,2015-02-01,0.0,0.54
107,213,2015-01-01,-0.1,0.71
108,213,2014-12-01,0.8,0.38
109,213,2014-11-01,1.3,0.71
110,213,2014-10-01,1.7,0.7
111,213,2014-09-01,1.7,0.58
112,213,2014-08-01,1.7,0.65
113,213,2014-07-01,2.0,0.59
114,213,2014-06-01,2.1,0.62
115,213,2014-05-01,2.1,0.63
116,213,2014-04-01,2.0,0.7
117,213,2014-03-01,1.5,0.58
118,213,2014-02-01,1.1,0.51
119,213,2014-01-01,1.6,0.68
120,213,2013-12-01,1.5,0.42
121,213,2013-11-01,1.2,0.49
122,213,2013-10-01,1.0,0.49
123,213,2013-09-01,1.2,0.54
124,213,2013-08-01,1.5,0.48
125,213,2013-07-01,2.0,0.55
126,213,2013-06-01,1.8,0.23
127,213,2013-05-01,1.4,-0.02
128,213,2013-04-01,1.1,-0.02
129,213,2013-03-01,1.5,0.05
130,213,2013-02-01,2.0,0.17
131,213,2013-01-01,1.6,0.08
132,213,2012-12-01,1.7,-0.17
133,213,2012-11-01,1.8,-0.01
134,213,2012-10-01,2.2,-0.09
135,213,2012-09-01,2.0,-0.17
136,213,2012-08-01,1.7,-0.06
137,213,2012-07-01,1.4,-0.05
138,213,2012-06-01,1.7,-0.05
139,213,2012-05-01,1.7,-0.09
140,213,2012-04-01,2.3,0.19
141,213,2012-03-01,2.7,0.17
142,213,2012-02-01,2.9,0.02
143,213,2012-01-01,2.9,0.15
144,213,2011-12-01,3.0,0.14
145,213,2011-11-01,3.4,0.14
146,213,2011-10-01,3.5,0.1
147,213,2011-09-01,3.9,0.21
148,213,2011-08-01,3.8,0.39
149,213,2011-07-01,3.6,0.57
150,213,2011-06-01,3.6,0.49
151,213,2011-05-01,3.6,0.71
152,213,2011-04-01,3.2,0.98
153,213,2011-03-01,2.7,0.87
154,213,2011-02-01,2.1,0.83
155,213,2011-01-01,1.6,0.86
156,213,2010-12-01,1.5,0.63
157,213,2010-11-01,1.1,0.34
158,213,2010-10-01,1.2,0.41
159,213,2010-09-01,1.1,0.58
160,213,2010-08-01,1.1,0.66
161,213,2010-07-01,1.2,0.85
162,213,2010-06-01,1.1,1.02
163,213,2010-05-01,2.0,1.23
164,213,2010-04-01,2.2,1.31
165,213,2010-03-01,2.3,1.0
166,213,2010-02-01,2.1,1.12
167,213,2010-01-01,2.6,1.3
168,213,2009-12-01,2.7,0.85
169,213,2009-11-01,1.8,1.06
170,213,2009-10-01,-0.2,1.0
171,213,2009-09-01,-1.3,0.95
172,213,2009-08-01,-1.5,1.16
173,213,2009-07-01,-2.1,1.27
174,213,2009-06-01,-1.4,1.32
175,213,2009-05-01,-1.3,1.02
176,213,2009-04-01,-0.7,0.71
177,213,2009-03-01,-0.4,1.25
178,213,2009-02-01,0.2,1.04
179,213,2009-01-01,0.0,0.94
180,213,2008-12-01,0.1,0.98
181,213,2008-11-01,1.1,1.63
182,213,2008-10-01,3.7,1.49
183,213,2008-09-01,4.9,1.24
184,213,2008-08-01,5.4,1.36
185,213,2008-07-01,5.6,1.45
186,213,2008-06-01,5.0,1.49
187,213,2008-05-01,4.2,1.4
188,213,2008-04-01,3.9,1.06
189,213,2008-03-01,4.0,1.03
190,213,2008-02-01,4.0,1.11
191,213,2008-01-01,4.3,1.4
192,213,2007-12-01,4.1,1.39
193,213,2007-11-01,4.3,1.83
194,213,2007-10-01,3.5,1.99
195,213,2007-09-01,2.8,1.95
196,213,2007-08-01,2.0,2.13
197,213,2007-07-01,2.4,2.37
198,213,2007-06-01,2.7,2.25
199,213,2007-05-01,2.7,2.03
200,213,2007-04-01,2.6,2.08
201,213,2007-03-01,2.8,2.02
202,213,2007-02-01,2.4,2.29
203,213,2007-01-01,2.1,2.15
204,213,2006-12-01,2.5,2.12
205,213,2006-11-01,2.0,2.2
206,213,2006-10-01,1.3,2.21
207,213,2006-09-01,2.1,2.21
208,213,2006-08-01,3.8,2.3
209,213,2006-07-01,4.1,2.5
210,213,2006-06-01,4.3,2.45
211,213,2006-05-01,4.2,2.41
212,213,2006-04-01,3.5,2.36
213,213,2006-03-01,3.4,2.38
214,213,2006-02-01,3.6,2.2
215,213,2006-01-01,4.0,2.06
216,213,2005-12-01,3.4,2.02
217,213,2005-11-01,3.5,2.08
218,213,2005-10-01,4.3,1.97
219,213,2005-09-01,4.7,1.74
220,213,2005-08-01,3.6,2.01
221,213,2005-07-01,3.2,1.82
222,213,2005-06-01,2.5,1.67
223,213,2005-05-01,2.8,1.79
224,213,2005-04-01,3.5,2.02
225,213,2005-03-01,3.1,1.98
226,213,2005-02-01,3.0,1.81
227,213,2005-01-01,3.0,1.78
228,213,2004-12-01,3.3,1.91
229,213,2004-11-01,3.5,1.61
230,213,2004-10-01,3.2,1.69
231,213,2004-09-01,2.5,1.48
232,213,2004-08-01,2.7,1.86
233,213,2004-07-01,3.0,1.93
234,213,2004-06-01,3.3,1.95
235,213,2004-05-01,3.1,1.88
236,213,2004-04-01,2.3,1.36
237,213,2004-03-01,1.7,1.47
238,213,2004-02-01,1.7,1.57
239,213,2004-01-01,1.9,1.7
240,213,2003-12-01,1.9,1.71
241,213,2003-11-01,1.8,1.71
242,213,2003-10-01,2.0,1.38
243,213,2003-09-01,2.3,1.9
244,213,2003-08-01,2.2,1.75
245,213,2003-07-01,2.1,1.13
246,213,2003-06-01,2.1,0.91
247,213,2003-05-01,2.1,1.37
248,213,2003-04-01,2.2,1.31
249,213,2003-03-01,3.0,1.22
250,213,2003-02-01,3.0,1.47
251,213,2003-01-01,2.6,1.49
252,213,2002-12-01,2.4,1.69
253,213,2002-11-01,2.2,1.4
254,213,2002-10-01,2.0,1.27
255,213,2002-09-01,1.5,1.45
256,213,2002-08-01,1.8,1.74
257,213,2002-07-01,1.5,2.14
258,213,2002-06-01,1.1,2.32
259,213,2002-05-01,1.2,2.35
260,213,2002-04-01,1.6,2.7
261,213,2002-03-01,1.5,2.42
262,213,2002-02-01,1.1,2.4
263,213,2002-01-01,1.1,2.52
264,213,2001-12-01,1.6,2.04
265,213,2001-11-01,1.9,1.81
266,213,2001-10-01,2.1,1.99
267,213,2001-09-01,2.6,2.18
268,213,2001-08-01,2.7,2.33
269,213,2001-07-01,2.7,2.53
270,213,2001-06-01,3.2,2.53
271,213,2001-05-01,3.6,2.43
272,213,2001-04-01,3.3,2.22
273,213,2001-03-01,2.9,2.27
274,213,2001-02-01,3.5,2.27
275,213,2001-01-01,3.7,2.25
276,213,2000-12-01,3.4,2.64
277,213,2000-11-01,3.4,2.83
278,213,2000-10-01,3.4,2.88
279,213,2000-09-01,3.5,2.89
280,213,2000-08-01,3.4,3.05
281,213,2000-07-01,3.7,3.06
282,213,2000-06-01,3.7,3.13
283,213,2000-05-01,3.2,3.36
284,213,2000-04-01,3.1,3.2
285,213,2000-03-01,3.8,3.44
286,213,2000-02-01,3.2,3.51
287,213,2000-01-01,2.7,3.41
288,213,1999-12-01,2.7,3.19
289,213,1999-11-01,2.6,3.15
290,213,1999-10-01,2.6,3.14
291,213,1999-09-01,2.6,3.17
292,213,1999-08-01,2.3,3.1
293,213,1999-07-01,2.1,3.01
294,213,1999-06-01,2.0,3.12
295,213,1999-05-01,2.1,2.7
296,213,1999-04-01,2.3,2.68
297,213,1999-03-01,1.7,2.71
298,213,1999-02-01,1.6,2.37
299,213,1999-01-01,1.7,2.31
300,213,1998-12-01,1.6,2.23
301,213,1998-11-01,1.5,2.22
302,213,1998-10-01,1.5,1.94
303,213,1998-09-01,1.5,2.5
304,213,1998-08-01,1.6,2.78
305,213,1998-07-01,1.7,2.77
306,213,1998-06-01,1.7,2.87
307,213,1998-05-01,1.7,2.89
308,213,1998-04-01,1.4,2.85
309,213,1998-03-01,1.4,2.85
310,213,1998-02-01,1.4,2.78
311,213,1998-01-01,1.6,2.84
312,213,1997-12-01,1.7,2.92
313,213,1997-11-01,1.8,2.97
314,213,1997-10-01,2.1,3.02
315,213,1997-09-01,2.2,3.15
316,213,1997-08-01,2.2,3.09
317,213,1997-07-01,2.2,3.2
318,213,1997-06-01,2.3,3.28
319,213,1997-05-01,2.2,3.44
320,213,1997-04-01,2.5,3.55
321,213,1997-03-01,2.8,3.31
322,213,1997-02-01,3.0,3.21
323,213,1997-01-01,3.0,3.25
324,213,1996-12-01,3.3,2.95
325,213,1996-11-01,3.3,3.14
326,213,1996-10-01,3.0,3.32
327,213,1996-09-01,3.0,3.52
328,213,1996-08-01,2.9,3.33
329,213,1996-07-01,3.0,3.37
330,213,1996-06-01,2.8,3.49
331,213,1996-05-01,2.9,3.31
332,213,1996-04-01,2.9,3.11
333,213,1996-03-01,2.8,2.9
334,213,1996-02-01,2.7,2.6
335,213,1996-01-01,2.7,2.65
336,213,1995-12-01,2.5,2.72
337,213,1995-11-01,2.6,2.88
338,213,1995-10-01,2.8,3.01
339,213,1995-09-01,2.5,3.02
340,213,1995-08-01,2.6,3.15
341,213,1995-07-01,2.8,2.94
342,213,1995-06-01,3.0,2.9
343,213,1995-05-01,3.2,3.42
344,213,1995-04-01,3.1,3.65
345,213,1995-03-01,2.9,3.72
346,213,1995-02-01,2.9,4.05
347,213,1995-01-01,2.8,4.24
348,213,1994-12-01,2.7,4.12
349,213,1994-11-01,2.7,4.1
350,213,1994-10-01,2.6,3.96
351,213,1994-09-01,3.0,3.64
352,213,1994-08-01,2.9,3.58
353,213,1994-07-01,2.8,3.79
354,213,1994-06-01,2.5,3.59
355,213,1994-05-01,2.3,3.62
356,213,1994-04-01,2.4,3.66
357,213,1994-03-01,2.5,2.97
358,213,1994-02-01,2.5,2.62
359,213,1994-01-01,2.5,2.77
360,213,1993-12-01,2.7,2.72
361,213,1993-11-01,2.7,2.56
362,213,1993-10-01,2.8,2.4
363,213,1993-09-01,2.7,2.45
364,213,1993-08-01,2.8,2.7
365,213,1993-07-01,2.8,2.59
366,213,1993-06-01,3.0,2.76
367,213,1993-05-01,3.2,2.66
368,213,1993-04-01,3.2,2.77
369,213,1993-03-01,3.1,2.67
370,213,1993-02-01,3.2,3.0
371,213,1993-01-01,3.3,3.27
372,213,1992-12-01,2.9,3.51
373,213,1992-11-01,3.0,3.32
374,213,1992-10-01,3.2,2.73
375,213,1992-09-01,3.0,2.96
376,213,1992-08-01,3.1,3.12
377,213,1992-07-01,3.2,3.35
378,213,1992-06-01,3.1,3.57
379,213,1992-05-01,3.0,3.75
380,213,1992-04-01,3.2,3.79
381,213,1992-03-01,3.2,3.66
382,213,1992-02-01,2.8,3.63
383,213,1992-01-01,2.6,3.2
384,213,1991-12-01,3.1,3.41
385,213,1991-11-01,3.0,3.57
386,213,1991-10-01,2.9,3.64
387,213,1991-09-01,3.4,3.88
388,213,1991-08-01,3.8,4.14
389,213,1991-07-01,4.4,4.22
390,213,1991-06-01,4.7,4.19
391,213,1991-05-01,5.0,4.05
392,213,1991-04-01,4.9,4.11
393,213,1991-03-01,4.9,4.18
394,213,1991-02-01,5.3,3.91
395,213,1991-01-01,5.7,3.92
396,213,1990-12-01,6.1,3.89
397,213,1990-11-01,6.3,4.06
398,213,1990-10-01,6.3,4.2
399,213,1990-09-01,6.2,4.4
400,213,1990-08-01,5.6,4.17
401,213,1990-07-01,4.8,4.34
402,213,1990-06-01,4.7,4.38
403,213,1990-05-01,4.4,4.81
404,213,1990-04-01,4.7,4.55
405,213,1990-03-01,5.2,4.55
406,213,1990-02-01,5.3,4.37
407,213,1990-01-01,5.2,4.13
408,213,1989-12-01,4.6,4.03
409,213,1989-11-01,4.7,4.03
410,213,1989-10-01,4.5,4.3
411,213,1989-09-01,4.3,4.28
412,213,1989-08-01,4.7,3.74
413,213,1989-07-01,5.0,4.0
414,213,1989-06-01,5.2,4.41
415,213,1989-05-01,5.4,4.63
416,213,1989-04-01,5.1,4.87
417,213,1989-03-01,5.0,4.97
418,213,1989-02-01,4.8,4.73
419,213,1989-01-01,4.7,4.86
420,213,1988-12-01,4.4,4.62
421,213,1988-11-01,4.2,4.36
422,213,1988-10-01,4.2,4.46
423,213,1988-09-01,4.2,4.71
424,213,1988-08-01,4.0,4.54
425,213,1988-07-01,4.1,4.44
426,213,1988-06-01,4.0,4.65
427,213,1988-05-01,3.9,4.5
428,213,1988-04-01,3.9,4.42
429,213,1988-03-01,3.9,4.04
430,213,1988-02-01,3.9,4.1
431,213,1988-01-01,4.0,4.61
432,213,1987-12-01,4.4,4.58
433,213,1987-11-01,4.5,4.53
434,213,1987-10-01,4.5,4.96
435,213,1987-09-01,4.4,4.6
436,213,1987-08-01,4.3,4.48
437,213,1987-07-01,3.9,4.28
438,213,1987-06-01,3.7,4.33
439,213,1987-05-01,3.9,4.36
440,213,1987-04-01,3.8,3.76
441,213,1987-03-01,3.0,3.55
442,213,1987-02-01,2.1,3.58
443,213,1987-01-01,1.5,3.6
444,213,1986-12-01,1.1,3.54
445,213,1986-11-01,1.3,3.74
446,213,1986-10-01,1.5,3.87
447,213,1986-09-01,1.8,3.55
448,213,1986-08-01,1.6,3.92
449,213,1986-07-01,1.6,3.99
450,213,1986-06-01,1.8,4.58
451,213,1986-05-01,1.5,4.05
452,213,1986-04-01,1.6,3.95
453,213,1986-03-01,2.3,4.21
454,213,1986-02-01,3.1,4.62
455,213,1986-01-01,3.9,4.55
456,213,1985-12-01,3.8,5.08
457,213,1985-11-01,3.5,5.24
458,213,1985-10-01,3.2,5.41
459,213,1985-09-01,3.1,5.42
460,213,1985-08-01,3.3,5.59
461,213,1985-07-01,3.6,5.33
462,213,1985-06-01,3.8,5.16
463,213,1985-05-01,3.8,5.94
464,213,1985-04-01,3.7,6.19
465,213,1985-03-01,3.7,6.38
466,213,1985-02-01,3.5,6.02
467,213,1985-01-01,3.5,6.16
468,213,1984-12-01,3.9,6.08
469,213,1984-11-01,4.1,6.07
470,213,1984-10-01,4.3,6.61
471,213,1984-09-01,4.3,6.98
472,213,1984-08-01,4.3,6.87
473,213,1984-07-01,4.2,7.45
474,213,1984-06-01,4.2,7.35
475,213,1984-05-01,4.2,6.85
476,213,1984-04-01,4.6,6.63
477,213,1984-03-01,4.8,6.46
478,213,1984-02-01,4.6,6.1
479,213,1984-01-01,4.2,6.22
480,213,1983-12-01,3.8,6.15
481,213,1983-11-01,3.3,6.14
482,213,1983-10-01,2.9,6.03
483,213,1983-09-01,2.9,6.36
484,213,1983-08-01,2.6,6.27
485,213,1983-07-01,2.5,5.82
486,213,1983-06-01,2.6,5.81
487,213,1983-05-01,3.5,5.4
488,213,1983-04-01,3.9,5.7
489,213,1983-03-01,3.6,5.57
490,213,1983-02-01,3.5,5.86
491,213,1983-01-01,3.7,5.54
492,213,1982-12-01,3.8,5.88
493,213,1982-11-01,4.6,5.63
494,213,1982-10-01,5.1,6.28
495,213,1982-09-01,5.0,6.51
496,213,1982-08-01,5.9,6.88
497,213,1982-07-01,6.4,7.56
498,213,1982-06-01,7.1,7.35
499,213,1982-05-01,6.7,7.32
500,213,1982-04-01,6.5,7.41
501,213,1982-03-01,6.8,7.13
502,213,1982-02-01,7.6,7.66
503,213,1982-01-01,8.4,7.62
504,213,1981-12-01,8.9,
505,213,1981-11-01,9.6,
506,213,1981-10-01,10.1,
507,213,1981-09-01,11.0,
508,213,1981-08-01,10.8,
509,213,1981-07-01,10.8,
510,213,1981-06-01,9.6,
511,213,1981-05-01,9.8,
512,213,1981-04-01,10.0,
513,213,1981-03-01,10.5,
514,213,1981-02-01,11.4,
515,213,1981-01-01,11.8,
516,213,1980-12-01,12.5,
517,213,1980-11-01,12.6,
518,213,1980-10-01,12.8,
519,213,1980-09-01,12.6,
520,213,1980-08-01,12.9,
521,213,1980-07-01,13.1,
522,213,1980-06-01,14.4,
523,213,1980-05-01,14.4,
524,213,1980-04-01,14.7,
525,213,1980-03-01,14.8,
526,213,1980-02-01,14.2,
527,213,1980-01-01,13.9,
528,213,1979-12-01,13.3,
529,213,1979-11-01,12.6,
530,213,1979-10-01,12.1,
531,213,1979-09-01,12.2,
532,213,1979-08-01,11.8,
533,213,1979-07-01,11.3,
534,213,1979-06-01,10.9,
535,213,1979-05-01,10.9,
536,213,1979-04-01,10.5,
537,213,1979-03-01,10.1,
538,213,1979-02-01,9.9,
539,213,1979-01-01,9.3,
540,213,1978-12-01,9.0,
541,213,1978-11-01,8.9,
542,213,1978-10-01,8.9,
543,213,1978-09-01,8.3,
544,213,1978-08-01,7.8,
545,213,1978-07-01,7.7,
546,213,1978-06-01,7.4,
547,213,1978-05-01,7.0,
548,213,1978-04-01,6.5,
549,213,1978-03-01,6.6,
550,213,1978-02-01,6.4,
551,213,1978-01-01,6.8,
552,213,1977-12-01,6.7,
553,213,1977-11-01,6.7,
554,213,1977-10-01,6.4,
555,213,1977-09-01,6.6,
556,213,1977-08-01,6.6,
557,213,1977-07-01,6.8,
558,213,1977-06-01,6.9,
559,213,1977-05-01,6.7,
560,213,1977-04-01,7.0,
561,213,1977-03-01,6.4,
562,213,1977-02-01,5.9,
563,213,1977-01-01,5.2,
564,213,1976-12-01,4.9,
565,213,1976-11-01,4.9,
566,213,1976-10-01,5.5,
567,213,1976-09-01,5.5,
568,213,1976-08-01,5.7,
569,213,1976-07-01,5.4,
570,213,1976-06-01,6.0,
571,213,1976-05-01,6.2,
572,213,1976-04-01,6.0,
573,213,1976-03-01,6.1,
574,213,1976-02-01,6.3,
575,213,1976-01-01,6.7,
576,213,1975-12-01,6.9,
577,213,1975-11-01,7.4,
578,213,1975-10-01,7.4,
579,213,1975-09-01,7.9,
580,213,1975-08-01,8.6,
581,213,1975-07-01,9.7,
582,213,1975-06-01,9.4,
583,213,1975-05-01,9.5,
584,213,1975-04-01,10.2,
585,213,1975-03-01,10.3,
586,213,1975-02-01,11.2,
587,213,1975-01-01,11.8,
588,213,1974-12-01,12.3,
589,213,1974-11-01,12.2,
590,213,1974-10-01,12.1,
591,213,1974-09-01,11.9,
592,213,1974-08-01,10.9,
593,213,1974-07-01,11.5,
594,213,1974-06-01,10.9,
595,213,1974-05-01,10.7,
596,213,1974-04-01,10.1,
597,213,1974-03-01,10.4,
598,213,1974-02-01,10.0,
599,213,1974-01-01,9.4,
600,213,1973-12-01,8.7,
601,213,1973-11-01,8.3,
602,213,1973-10-01,7.8,
603,213,1973-09-01,7.4,
604,213,1973-08-01,7.4,
605,213,1973-07-01,5.7,
606,213,1973-06-01,6.0,
607,213,1973-05-01,5.5,
608,213,1973-04-01,5.1,
609,213,1973-03-01,4.6,
610,213,1973-02-01,3.9,
611,213,1973-01-01,3.6,
612,213,1972-12-01,3.4,
613,213,1972-11-01,3.7,
614,213,1972-10-01,3.4,
615,213,1972-09-01,3.2,
616,213,1972-08-01,2.9,
617,213,1972-07-01,2.9,
618,213,1972-06-01,2.7,
619,213,1972-05-01,3.2,
620,213,1972-04-01,3.5,
621,213,1972-03-01,3.5,
622,213,1972-02-01,3.5,
623,213,1972-01-01,3.3,
624,213,1971-12-01,3.3,
625,213,1971-11-01,3.3,
626,213,1971-10-01,3.8,
627,213,1971-09-01,4.1,
628,213,1971-08-01,4.6,
629,213,1971-07-01,4.4,
630,213,1971-06-01,4.6,
631,213,1971-05-01,4.4,
632,213,1971-04-01,4.2,
633,213,1971-03-01,4.7,
634,213,1971-02-01,5.0,
635,213,1971-01-01,5.3,
636,213,1970-12-01,5.6,
637,213,1970-11-01,5.6,
638,213,1970-10-01,5.6,
639,213,1970-09-01,5.7,
640,213,1970-08-01,5.4,
641,213,1970-07-01,6.0,
642,213,1970-06-01,6.0,
643,213,1970-05-01,6.0,
644,213,1970-04-01,6.1,
645,213,1970-03-01,5.8,
646,213,1970-02-01,6.1,
647,213,1970-01-01,6.2,
648,213,1969-12-01,6.2,
649,213,1969-11-01,5.9,
650,213,1969-10-01,5.7,
651,213,1969-09-01,5.7,
652,213,1969-08-01,5.7,
653,213,1969-07-01,5.4,
654,213,1969-06-01,5.5,
655,213,1969-05-01,5.5,
656,213,1969-04-01,5.5,
657,213,1969-03-01,5.2,
658,213,1969-02-01,4.7,
659,213,1969-01-01,4.4,
660,213,1968-12-01,4.7,
661,213,1968-11-01,4.7,
662,213,1968-10-01,4.7,
663,213,1968-09-01,4.5,
664,213,1968-08-01,4.5,
665,213,1968-07-01,4.5,
666,213,1968-06-01,4.2,
667,213,1968-05-01,3.9,
668,213,1968-04-01,3.9,
669,213,1968-03-01,3.9,
670,213,1968-02-01,4.0,
671,213,1968-01-01,3.6,
672,213,1967-12-01,3.0,
673,213,1967-11-01,2.7,
674,213,1967-10-01,2.4,
675,213,1967-09-01,2.8,
676,213,1967-08-01,2.4,
677,213,1967-07-01,2.8,
678,213,1967-06-01,2.8,
679,213,1967-05-01,2.8,
680,213,1967-04-01,2.5,
681,213,1967-03-01,2.8,
682,213,1967-02-01,2.8,
683,213,1967-01-01,3.5,
684,213,1966-12-01,3.5,
685,213,1966-11-01,3.8,
686,213,1966-10-01,3.8,
687,213,1966-09-01,3.5,
688,213,1966-08-01,3.5,
689,213,1966-07-01,2.8,
690,213,1966-06-01,2.5,
691,213,1966-05-01,2.9,
692,213,1966-04-01,2.9,
693,213,1966-03-01,2.6,
694,213,1966-02-01,2.6,
695,213,1966-01-01,1.9,
696,213,1965-12-01,1.9,
697,213,1965-11-01,1.6,
698,213,1965-10-01,1.9,
699,213,1965-09-01,1.6,
700,213,1965-08-01,1.9,
701,213,1965-07-01,1.6,
702,213,1965-06-01,1.9,
703,213,1965-05-01,1.6,
704,213,1965-04-01,1.6,
705,213,1965-03-01,1.3,
706,213,1965-02-01,1.0,
707,213,1965-01-01,1.0,
708,213,1964-12-01,1.0,
709,213,1964-11-01,1.3,
710,213,1964-10-01,1.0,
711,213,1964-09-01,1.3,
712,213,1964-08-01,1.0,
713,213,1964-07-01,1.3,
714,213,1964-06-01,1.3,
715,213,1964-05-01,1.3,
716,213,1964-04-01,1.3,
717,213,1964-03-01,1.3,
718,213,1964-02-01,1.6,
719,213,1964-01-01,1.6,
720,213,1963-12-01,1.6,
721,213,1963-11-01,1.3,
722,213,1963-10-01,1.3,
723,213,1963-09-01,1.0,
724,213,1963-08-01,1.3,
725,213,1963-07-01,1.3,
726,213,1963-06-01,1.3,
727,213,1963-05-01,1.0,
728,213,1963-04-01,1.0,
729,213,1963-03-01,1.3,
730,213,1963-02-01,1.0,
731,213,1963-01-01,1.3,
732,213,1962-12-01,1.3,
733,213,1962-11-01,1.3,
734,213,1962-10-01,1.3,
735,213,1962-09-01,1.3,
736,213,1962-08-01,1.3,
737,213,1962-07-01,1.0,
738,213,1962-06-01,1.3,
739,213,1962-05-01,1.3,
740,213,1962-04-01,1.3,
741,213,1962-03-01,1.0,
742,213,1962-02-01,1.0,
743,213,1962-01-01,0.7,
744,213,1961-12-01,0.7,
745,213,1961-11-01,0.7,
746,213,1961-10-01,0.7,
747,213,1961-09-01,1.4,
748,213,1961-08-01,1.0,
749,213,1961-07-01,1.4,
750,213,1961-06-01,0.7,
751,213,1961-05-01,1.0,
752,213,1961-04-01,1.0,
753,213,1961-03-01,1.4,
754,213,1961-02-01,1.4,
755,213,1961-01-01,1.7,
756,213,1960-12-01,1.4,
757,213,1960-11-01,1.4,
758,213,1960-10-01,1.4,
759,213,1960-09-01,1.0,
760,213,1960-08-01,1.4,
761,213,1960-07-01,1.4,
762,213,1960-06-01,1.7,
763,213,1960-05-01,1.7,
764,213,1960-04-01,1.7,
765,213,1960-03-01,1.7,
766,213,1960-02-01,1.7,
767,213,1960-01-01,1.0,
768,213,1959-12-01,1.7,
769,213,1959-11-01,1.4,
770,213,1959-10-01,1.7,
771,213,1959-09-01,1.4,
772,213,1959-08-01,1.0,
773,213,1959-07-01,0.7,
774,213,1959-06-01,0.7,
775,213,1959-05-01,0.3,
776,213,1959-04-01,0.3,
777,213,1959-03-01,0.3,
778,213,1959-02-01,1.0,
779,213,1959-01-01,1.4,
780,213,1958-12-01,1.8,
781,213,1958-11-01,2.1,
782,213,1958-10-01,2.1,
783,213,1958-09-01,2.1,
784,213,1958-08-01,2.1,
785,213,1958-07-01,2.5,
786,213,1958-06-01,2.8,
787,213,1958-05-01,3.2,
788,213,1958-04-01,3.6,
789,213,1958-03-01,3.6,
790,213,1958-02-01,3.2,
791,213,1958-01-01,3.6,
792,213,1957-12-01,2.9,
793,213,1957-11-01,3.3,
794,213,1957-10-01,2.9,
795,213,1957-09-01,3.3,
796,213,1957-08-01,3.7,
797,213,1957-07-01,3.3,
798,213,1957-06-01,3.3,
799,213,1957-05-01,3.7,
800,213,1957-04-01,3.7,
801,213,1957-03-01,3.7,
802,213,1957-02-01,3.4,
803,213,1957-01-01,3.0,
804,213,1956-12-01,3.0,
805,213,1956-11-01,2.2,
806,213,1956-10-01,2.2,
807,213,1956-09-01,1.9,
808,213,1956-08-01,1.9,
809,213,1956-07-01,2.2,
810,213,1956-06-01,1.9,
811,213,1956-05-01,1.1,
812,213,1956-04-01,0.7,
813,213,1956-03-01,0.4,
814,213,1956-02-01,0.4,
815,213,1956-01-01,0.4,
816,213,1955-12-01,0.4,
817,213,1955-11-01,0.4,
818,213,1955-10-01,0.4,
819,213,1955-09-01,0.4,
820,213,1955-08-01,-0.4,
821,213,1955-07-01,-0.4,
822,213,1955-06-01,-0.7,
823,213,1955-05-01,-0.7,
824,213,1955-04-01,-0.4,
825,213,1955-03-01,-0.7,
826,213,1955-02-01,-0.7,
827,213,1955-01-01,-0.7,
828,213,1954-12-01,-0.7,
829,213,1954-11-01,-0.4,
830,213,1954-10-01,-0.7,
831,213,1954-09-01,-0.4,
832,213,1954-08-01,0.0,
833,213,1954-07-01,0.4,
834,213,1954-06-01,0.4,
835,213,1954-05-01,0.7,
836,213,1954-04-01,0.8,
837,213,1954-03-01,1.1,
838,213,1954-02-01,1.5,
839,213,1954-01-01,1.1,
840,213,1953-12-01,0.7,
841,213,1953-11-01,0.7,
842,213,1953-10-01,1.1,
843,213,1953-09-01,0.7,
844,213,1953-08-01,0.7,
845,213,1953-07-01,0.4,
846,213,1953-06-01,1.1,
847,213,1953-05-01,1.1,
848,213,1953-04-01,0.8,
849,213,1953-03-01,1.1,
850,213,1953-02-01,0.8,
851,213,1953-01-01,0.4,
852,213,1952-12-01,0.8,
853,213,1952-11-01,1.1,
854,213,1952-10-01,1.9,
855,213,1952-09-01,2.3,
856,213,1952-08-01,3.1,
857,213,1952-07-01,3.1,
858,213,1952-06-01,2.3,
859,213,1952-05-01,1.9,
860,213,1952-04-01,2.3,
861,213,1952-03-01,1.9,
862,213,1952-02-01,2.3,
863,213,1952-01-01,4.3,
864,213,1951-12-01,6.0,
865,213,1951-11-01,6.9,
866,213,1951-10-01,6.5,
867,213,1951-09-01,7.0,
868,213,1951-08-01,6.6,
869,213,1951-07-01,7.5,
870,213,1951-06-01,8.8,
871,213,1951-05-01,9.3,
872,213,1951-04-01,9.3,
873,213,1951-03-01,9.3,
874,213,1951-02-01,9.4,
875,213,1951-01-01,8.1,
876,213,1950-12-01,5.9,
877,213,1950-11-01,3.8,
878,213,1950-10-01,3.8,
879,213,1950-09-01,2.1,
880,213,1950-08-01,2.1,
881,213,1950-07-01,1.7,
882,213,1950-06-01,-0.4,
883,213,1950-05-01,-0.4,
884,213,1950-04-01,-1.3,
885,213,1950-03-01,-0.8,
886,213,1950-02-01,-1.3,
887,213,1950-01-01,-2.1,
888,213,1949-12-01,-2.1,
889,213,1949-11-01,-1.7,
890,213,1949-10-01,-2.9,
891,213,1949-09-01,-2.4,
892,213,1949-08-01,-2.9,
893,213,1949-07-01,-2.9,
894,213,1949-06-01,-0.8,
895,213,1949-05-01,-0.4,
896,213,1949-04-01,0.4,
897,213,1949-03-01,1.7,
898,213,1949-02-01,1.3,
899,213,1949-01-01,1.3,
900,213,1948-12-01,3.0,
901,213,1948-11-01,4.8,
902,213,1948-10-01,6.1,
903,213,1948-09-01,6.5,
904,213,1948-08-01,8.9,
905,213,1948-07-01,9.9,
906,213,1948-06-01,9.5,
907,213,1948-05-01,9.1,
908,213,1948-04-01,8.7,
909,213,1948-03-01,6.8,
910,213,1948-02-01,9.3,
911,213,1948-01-01,10.2,
912,213,1947-12-01,8.8,
913,213,1947-11-01,8.5,
914,213,1947-10-01,10.6,
915,213,1947-09-01,12.7,
916,213,1947-08-01,11.4,
917,213,1947-07-01,12.1,
918,213,1947-06-01,17.6,
919,213,1947-05-01,18.4,
920,213,1947-04-01,19.0,
921,213,1947-03-01,19.7,
922,213,1947-02-01,18.8,
923,213,1947-01-01,18.1,
924,213,1946-12-01,18.1,
925,213,1946-11-01,17.7,
926,213,1946-10-01,14.9,
927,213,1946-09-01,12.7,
928,213,1946-08-01,11.6,
929,213,1946-07-01,9.4,
930,213,1946-06-01,3.3,
931,213,1946-05-01,3.4,
932,213,1946-04-01,3.4,
933,213,1946-03-01,2.8,
934,213,1946-02-01,1.7,
935,213,1946-01-01,2.2,
936,213,1945-12-01,2.2,
937,213,1945-11-01,2.3,
938,213,1945-10-01,2.3,
939,213,1945-09-01,2.3,
940,213,1945-08-01,2.3,
941,213,1945-07-01,2.3,
942,213,1945-06-01,2.8,
943,213,1945-05-01,2.3,
944,213,1945-04-01,1.7,
945,213,1945-03-01,2.3,
946,213,1945-02-01,2.3,
947,213,1945-01-01,2.3,
948,213,1944-12-01,2.3,
949,213,1944-11-01,1.7,
950,213,1944-10-01,1.7,
951,213,1944-09-01,1.7,
952,213,1944-08-01,2.3,
953,213,1944-07-01,1.7,
954,213,1944-06-01,0.6,
955,213,1944-05-01,0.0,
956,213,1944-04-01,0.6,
957,213,1944-03-01,1.2,
958,213,1944-02-01,3.0,
959,213,1944-01-01,3.0,
960,213,1943-12-01,3.0,
961,213,1943-11-01,3.6,
962,213,1943-10-01,4.2,
963,213,1943-09-01,5.5,
964,213,1943-08-01,4.8,
965,213,1943-07-01,6.1,
966,213,1943-06-01,7.4,
967,213,1943-05-01,7.4,
968,213,1943-04-01,8.1,
969,213,1943-03-01,7.5,
970,213,1943-02-01,7.0,
971,213,1943-01-01,7.6,
972,213,1942-12-01,9.0,
973,213,1942-11-01,9.1,
974,213,1942-10-01,9.2,
975,213,1942-09-01,9.3,
976,213,1942-08-01,10.7,
977,213,1942-07-01,11.6,
978,213,1942-06-01,10.9,
979,213,1942-05-01,13.2,
980,213,1942-04-01,12.6,
981,213,1942-03-01,12.7,
982,213,1942-02-01,12.1,
983,213,1942-01-01,11.3,
984,213,1941-12-01,9.9,
985,213,1941-11-01,10.0,
986,213,1941-10-01,9.3,
987,213,1941-09-01,7.9,
988,213,1941-08-01,6.4,
989,213,1941-07-01,5.0,
990,213,1941-06-01,4.3,
991,213,1941-05-01,2.9,
992,213,1941-04-01,2.1,
993,213,1941-03-01,1.4,
994,213,1941-02-01,0.7,
995,213,1941-01-01,1.4,
996,213,1940-12-01,0.7,
997,213,1940-11-01,0.0,
998,213,1940-10-01,0.0,
999,213,1940-09-01,-0.7,
1000,213,1940-08-01,1.4,
1001,213,1940-07-01,1.4,
1002,213,1940-06-01,2.2,
1003,213,1940-05-01,1.4,
1004,213,1940-04-01,1.4,
1005,213,1940-03-01,0.7,
1006,213,1940-02-01,0.7,
1007,213,1940-01-01,-0.7,
1008,213,1939-12-01,0.0,
1009,213,1939-11-01,0.0,
1010,213,1939-10-01,0.0,
1011,213,1939-09-01,0.0,
1012,213,1939-08-01,-2.1,
1013,213,1939-07-01,-2.1,
1014,213,1939-06-01,-2.1,
1015,213,1939-05-01,-2.1,
1016,213,1939-04-01,-2.8,
1017,213,1939-03-01,-1.4,
1018,213,1939-02-01,-1.4,
1019,213,1939-01-01,-1.4,
1020,213,1938-12-01,-2.8,
1021,213,1938-11-01,-3.4,
1022,213,1938-10-01,-4.1,
1023,213,1938-09-01,-3.4,
1024,213,1938-08-01,-2.8,
1025,213,1938-07-01,-2.8,
1026,213,1938-06-01,-2.1,
1027,213,1938-05-01,-2.1,
1028,213,1938-04-01,-0.7,
1029,213,1938-03-01,-0.7,
1030,213,1938-02-01,0.0,
1031,213,1938-01-01,0.7,
1032,213,1937-12-01,2.9,
1033,213,1937-11-01,3.6,
1034,213,1937-10-01,4.3,
1035,213,1937-09-01,4.3,
1036,213,1937-08-01,3.6,
1037,213,1937-07-01,4.3,
1038,213,1937-06-01,4.3,
1039,213,1937-05-01,5.1,
1040,213,1937-04-01,4.4,
1041,213,1937-03-01,3.6,
1042,213,1937-02-01,2.2,
1043,213,1937-01-01,2.2,
1044,213,1936-12-01,1.4,
1045,213,1936-11-01,1.4,
1046,213,1936-10-01,2.2,
1047,213,1936-09-01,2.2,
1048,213,1936-08-01,2.2,
1049,213,1936-07-01,1.5,
1050,213,1936-06-01,0.7,
1051,213,1936-05-01,-0.7,
1052,213,1936-04-01,-0.7,
1053,213,1936-03-01,0.0,
1054,213,1936-02-01,0.7,
1055,213,1936-01-01,1.5,
1056,213,1935-12-01,3.0,
1057,213,1935-11-01,2.2,
1058,213,1935-10-01,1.5,
1059,213,1935-09-01,0.7,
1060,213,1935-08-01,2.2,
1061,213,1935-07-01,2.2,
1062,213,1935-06-01,2.2,
1063,213,1935-05-01,3.8,
1064,213,1935-04-01,3.8,
1065,213,1935-03-01,3.0,
1066,213,1935-02-01,3.0,
1067,213,1935-01-01,3.0,
1068,213,1934-12-01,1.5,
1069,213,1934-11-01,2.3,
1070,213,1934-10-01,2.3,
1071,213,1934-09-01,3.0,
1072,213,1934-08-01,1.5,
1073,213,1934-07-01,2.3,
1074,213,1934-06-01,5.5,
1075,213,1934-05-01,5.6,
1076,213,1934-04-01,5.6,
1077,213,1934-03-01,5.6,
1078,213,1934-02-01,4.7,
1079,213,1934-01-01,2.3,
1080,213,1933-12-01,0.8,
1081,213,1933-11-01,0.0,
1082,213,1933-10-01,-0.8,
1083,213,1933-09-01,-1.5,
1084,213,1933-08-01,-2.2,
1085,213,1933-07-01,-3.7,
1086,213,1933-06-01,-6.6,
1087,213,1933-05-01,-8.0,
1088,213,1933-04-01,-9.4,
1089,213,1933-03-01,-10.0,
1090,213,1933-02-01,-9.9,
1091,213,1933-01-01,-9.8,
1092,213,1932-12-01,-10.3,
1093,213,1932-11-01,-10.2,
1094,213,1932-10-01,-10.7,
1095,213,1932-09-01,-10.7,
1096,213,1932-08-01,-10.6,
1097,213,1932-07-01,-9.9,
1098,213,1932-06-01,-9.9,
1099,213,1932-05-01,-10.5,
1100,213,1932-04-01,-10.3,
1101,213,1932-03-01,-10.3,
1102,213,1932-02-01,-10.2,
1103,213,1932-01-01,-10.1,
1104,213,1931-12-01,-9.3,
1105,213,1931-11-01,-10.4,
1106,213,1931-10-01,-9.7,
1107,213,1931-09-01,-9.6,
1108,213,1931-08-01,-8.5,
1109,213,1931-07-01,-9.0,
1110,213,1931-06-01,-10.1,
1111,213,1931-05-01,-9.5,
1112,213,1931-04-01,-8.8,
1113,213,1931-03-01,-7.7,
1114,213,1931-02-01,-7.6,
1115,213,1931-01-01,-7.0,
1116,213,1930-12-01,-6.4,
1117,213,1930-11-01,-5.2,
1118,213,1930-10-01,-4.6,
1119,213,1930-09-01,-4.0,
1120,213,1930-08-01,-4.6,
1121,213,1930-07-01,-4.0,
1122,213,1930-06-01,-1.8,
1123,213,1930-05-01,-0.6,
1124,213,1930-04-01,0.6,
1125,213,1930-03-01,-0.6,
1126,213,1930-02-01,-0.6,
1127,213,1930-01-01,0.0,
1128,213,1929-12-01,0.6,
1129,213,1929-11-01,0.6,
1130,213,1929-10-01,0.6,
1131,213,1929-09-01,0.0,
1132,213,1929-08-01,1.2,
1133,213,1929-07-01,1.2,
1134,213,1929-06-01,0.0,
1135,213,1929-05-01,-1.2,
1136,213,1929-04-01,-1.2,
1137,213,1929-03-01,-0.6,
1138,213,1929-02-01,0.0,
1139,213,1929-01-01,-1.2,
1140,213,1928-12-01,-1.2,
1141,213,1928-11-01,-0.6,
1142,213,1928-10-01,-1.1,
1143,213,1928-09-01,0.0,
1144,213,1928-08-01,-0.6,
1145,213,1928-07-01,-1.2,
1146,213,1928-06-01,-2.8,
1147,213,1928-05-01,-1.1,
1148,213,1928-04-01,-1.2,
1149,213,1928-03-01,-1.2,
1150,213,1928-02-01,-1.7,
1151,213,1928-01-01,-1.1,
1152,213,1927-12-01,-2.3,
1153,213,1927-11-01,-2.3,
1154,213,1927-10-01,-1.1,
1155,213,1927-09-01,-1.1,
1156,213,1927-08-01,-1.1,
1157,213,1927-07-01,-1.1,
1158,213,1927-06-01,-0.6,
1159,213,1927-05-01,-2.2,
1160,213,1927-04-01,-3.4,
1161,213,1927-03-01,-2.8,
1162,213,1927-02-01,-2.8,
1163,213,1927-01-01,-2.2,
1164,213,1926-12-01,-1.1,
1165,213,1926-11-01,-1.7,
1166,213,1926-10-01,-0.6,
1167,213,1926-09-01,-1.1,
1168,213,1926-08-01,-1.7,
1169,213,1926-07-01,-1.1,
1170,213,1926-06-01,1.1,
1171,213,1926-05-01,2.9,
1172,213,1926-04-01,4.1,
1173,213,1926-03-01,2.9,
1174,213,1926-02-01,4.1,
1175,213,1926-01-01,3.5,
1176,213,1925-12-01,3.5,
1177,213,1925-11-01,4.7,
1178,213,1925-10-01,2.9,
1179,213,1925-09-01,3.5,
1180,213,1925-08-01,4.1,
1181,213,1925-07-01,3.5,
1182,213,1925-06-01,2.9,
1183,213,1925-05-01,1.8,
1184,213,1925-04-01,1.2,
1185,213,1925-03-01,1.2,
1186,213,1925-02-01,0.0,
1187,213,1925-01-01,0.0,
1188,213,1924-12-01,0.0,
1189,213,1924-11-01,-0.6,
1190,213,1924-10-01,-0.6,
1191,213,1924-09-01,-0.6,
1192,213,1924-08-01,-0.6,
1193,213,1924-07-01,-0.6,
1194,213,1924-06-01,0.0,
1195,213,1924-05-01,0.6,
1196,213,1924-04-01,0.6,
1197,213,1924-03-01,1.8,
1198,213,1924-02-01,2.4,
1199,213,1924-01-01,3.0,
1200,213,1923-12-01,2.4,
1201,213,1923-11-01,3.0,
1202,213,1923-10-01,3.6,
1203,213,1923-09-01,3.6,
1204,213,1923-08-01,3.0,
1205,213,1923-07-01,2.4,
1206,213,1923-06-01,1.8,
1207,213,1923-05-01,1.2,
1208,213,1923-04-01,1.2,
1209,213,1923-03-01,0.6,
1210,213,1923-02-01,-0.6,
1211,213,1923-01-01,-0.6,
1212,213,1922-12-01,-2.3,
1213,213,1922-11-01,-3.4,
1214,213,1922-10-01,-4.6,
1215,213,1922-09-01,-5.1,
1216,213,1922-08-01,-6.2,
1217,213,1922-07-01,-5.1,
1218,213,1922-06-01,-5.1,
1219,213,1922-05-01,-5.6,
1220,213,1922-04-01,-7.7,
1221,213,1922-03-01,-8.7,
1222,213,1922-02-01,-8.2,
1223,213,1922-01-01,-11.1,
1224,213,1921-12-01,-10.8,
1225,213,1921-11-01,-12.1,
1226,213,1921-10-01,-12.1,
1227,213,1921-09-01,-12.5,
1228,213,1921-08-01,-12.8,
1229,213,1921-07-01,-14.9,
1230,213,1921-06-01,-15.8,
1231,213,1921-05-01,-14.1,
1232,213,1921-04-01,-10.8,
1233,213,1921-03-01,-7.1,
1234,213,1921-02-01,-5.6,
1235,213,1921-01-01,-1.6,
1236,213,1920-12-01,2.6,
1237,213,1920-11-01,7.0,
1238,213,1920-10-01,9.9,
1239,213,1920-09-01,12.4,
1240,213,1920-08-01,14.7,
1241,213,1920-07-01,19.5,
1242,213,1920-06-01,23.7,
1243,213,1920-05-01,21.9,
1244,213,1920-04-01,21.6,
1245,213,1920-03-01,20.1,
1246,213,1920-02-01,20.4,
1247,213,1920-01-01,17.0,
1248,213,1919-12-01,14.5,
1249,213,1919-11-01,13.5,
1250,213,1919-10-01,13.1,
1251,213,1919-09-01,13.4,
1252,213,1919-08-01,14.9,
1253,213,1919-07-01,15.2,
1254,213,1919-06-01,15.0,
1255,213,1919-05-01,16.6,
1256,213,1919-04-01,17.6,
1257,213,1919-03-01,17.1,
1258,213,1919-02-01,14.9,
1259,213,1919-01-01,17.9,
1260,213,1918-12-01,20.4,
1261,213,1918-11-01,20.7,
1262,213,1918-10-01,18.5,
1263,213,1918-09-01,18.0,
1264,213,1918-08-01,18.5,
1265,213,1918-07-01,18.0,
1266,213,1918-06-01,13.1,
1267,213,1918-05-01,13.3,
1268,213,1918-04-01,12.7,
1269,213,1918-03-01,16.7,
1270,213,1918-02-01,17.5,
1271,213,1918-01-01,19.7,
1272,213,1917-12-01,18.1,
1273,213,1917-11-01,17.4,
1274,213,1917-10-01,19.5,
1275,213,1917-09-01,19.8,
1276,213,1917-08-01,19.3,
1277,213,1917-07-01,18.5,
1278,213,1917-06-01,20.4,
1279,213,1917-05-01,19.6,
1280,213,1917-04-01,18.9,
1281,213,1917-03-01,14.3,
1282,213,1917-02-01,15.4,
1283,213,1917-01-01,12.5,
1284,213,1916-12-01,12.6,
1285,213,1916-11-01,11.7,
1286,213,1916-10-01,10.8,
1287,213,1916-09-01,9.9,
1288,213,1916-08-01,7.9,
1289,213,1916-07-01,6.9,
1290,213,1916-06-01,6.9,
1291,213,1916-05-01,5.9,
1292,213,1916-04-01,6.0,
1293,213,1916-03-01,6.1,
1294,213,1916-02-01,4.0,
1295,213,1916-01-01,3.0,
1296,213,1915-12-01,2.0,
1297,213,1915-11-01,1.0,
1298,213,1915-10-01,1.0,
1299,213,1915-09-01,-1.0,
1300,213,1915-08-01,-1.0,
1301,213,1915-07-01,1.0,
1302,213,1915-06-01,2.0,
1303,213,1915-05-01,2.0,
1304,213,1915-04-01,2.0,
1305,213,1915-03-01,0.0,
1306,213,1915-02-01,1.0,
1307,213,1915-01-01,1.0,
1308,213,1914-12-01,1.0,
1309,213,1914-11-01,1.0,
1310,213,1914-10-01,1.0,
1311,213,1914-09-01,2.0,
1312,213,1914-08-01,3.0,
1313,213,1914-07-01,1.0,
1314,213,1914-06-01,1.0,
1315,213,1914-05-01,2.1,
1316,213,1914-04-01,0.0,
1317,213,1914-03-01,1.0,
1318,213,1914-02-01,1.0,
1319,213,1914-01-01,2.0,
1320,213,2024-05-01,,5.5
1321,213,2024-04-01,3.4,
